"","binID","start","high","medium","low"
"5455","chrY_694100","694000","47","0","3"
"2","chrY_694200","  694100"," 12","  0"," 0"
"1","gap 1","0","100","100","100"
"4","chrY_694400","  694300"," 11","  0"," 0"
"5","chrY_694500","  694400","  9","  0"," 0"
"11","gap 2","0","100","100","100"
"7","chrY_695100","  695000"," 19"," 10"," 0"
"8","chrY_695200","  695100"," 27"," 13"," 0"
"12","gap 3","0","100","100","100"
"10","chrY_703100","  703000"," 24","  6"," 0"
"111","chrY_703200","  703100"," 52"," 15"," 3"
"13","gap 4","0","100","100","100"
"131","chrY_704600","  704500"," 37","  0"," 0"
"14","chrY_704700","  704600"," 24","  4"," 0"
"15","gap 5","0","100","100","100"
"16","chrY_704900","  704800"," 40"," 25"," 2"
"17","chrY_705000","  704900"," 40"," 24"," 0"
"18","gap 6","0","100","100","100"
"19","chrY_708600","  708500"," 14","  0"," 0"
"20","chrY_708700","  708600"," 15","  0"," 0"
"110","gap 7","0","100","100","100"
"22","chrY_710200","  710100"," 34","  9"," 7"
"23","chrY_710300","  710200"," 32"," 17"," 4"
"112","gap 8","0","100","100","100"
"25","chrY_715500","  715400"," 10","  0"," 0"
"26","chrY_715600","  715500"," 52"," 21"," 0"
"113","gap 9","0","100","100","100"
"28","chrY_725500","  725400"," 58"," 14"," 0"
"29","chrY_725600","  725500","  9","  0"," 0"
"114","gap 10","0","100","100","100"
"31","chrY_754100","  754000"," 18","  4"," 0"
"32","chrY_754200","  754100"," 14","  1"," 0"
"115","gap 11","0","100","100","100"
"34","chrY_763800","  763700"," 43"," 17"," 0"
"35","chrY_763900","  763800"," 34"," 13"," 0"
"116","gap 12","0","100","100","100"
"37","chrY_847600","  847500"," 62"," 19"," 0"
"38","chrY_847700","  847600"," 23"," 14"," 0"
"117","gap 13","0","100","100","100"
"40","chrY_861400","  861300"," 58"," 24"," 4"
"41","chrY_861500","  861400"," 57"," 15"," 2"
"118","gap 14","0","100","100","100"
"43","chrY_878000","  877900"," 47"," 31","12"
"44","chrY_878100","  878000"," 66"," 42","18"
"119","gap 15","0","100","100","100"
"46","chrY_885000","  884900"," 18","  0"," 0"
"47","chrY_885100","  885000"," 31","  0"," 0"
"48","chrY_885200","  885100"," 46","  0"," 0"
"120","gap 16","0","100","100","100"
"50","chrY_891300","  891200"," 24","  8"," 3"
"51","chrY_891400","  891300"," 31","  2"," 6"
"121","gap 17","0","100","100","100"
"53","chrY_914100","  914000"," 66"," 16"," 0"
"54","chrY_914200","  914100"," 41","  6"," 0"
"122","gap 18","0","100","100","100"
"56","chrY_919000","  918900"," 37","  9"," 0"
"57","chrY_919100","  919000"," 24","  0"," 0"
"123","gap 19","0","100","100","100"
"59","chrY_927800","  927700"," 37","  4"," 0"
"60","chrY_927900","  927800"," 62","  8"," 0"
"124","gap 20","0","100","100","100"
"62","chrY_931700","  931600"," 62","  7"," 0"
"63","chrY_931800","  931700"," 48","  0"," 0"
"125","gap 21","0","100","100","100"
"65","chrY_932500","  932400"," 17","  0"," 0"
"66","chrY_932600","  932500"," 22","  6"," 0"
"67","chrY_932700","  932600"," 40","  2"," 0"
"68","chrY_932800","  932700"," 40","  9"," 0"
"126","gap 22","0","100","100","100"
"70","chrY_954500","  954400"," 28","  0"," 0"
"71","chrY_954600","  954500"," 44","  0"," 0"
"127","gap 23","0","100","100","100"
"73","chrY_954800","  954700"," 32","  2"," 0"
"74","chrY_954900","  954800"," 49","  3"," 0"
"128","gap 24","0","100","100","100"
"76","chrY_956200","  956100"," 40","  8"," 0"
"77","chrY_956300","  956200"," 27","  0"," 0"
"129","gap 25","0","100","100","100"
"79","chrY_956500","  956400","102","  7"," 0"
"80","chrY_956600","  956500"," 50","  4"," 0"
"81","chrY_956700","  956600"," 47","  0"," 0"
"130","gap 26","0","100","100","100"
"83","chrY_957300","  957200"," 10","  3"," 0"
"84","chrY_957400","  957300"," 50","  4"," 0"
"132","gap 27","0","100","100","100"
"86","chrY_960400","  960300"," 18","  4"," 0"
"87","chrY_960500","  960400"," 31","  0"," 0"
"133","gap 28","0","100","100","100"
"89","chrY_962600","  962500"," 52"," 10"," 0"
"90","chrY_962700","  962600"," 55","  7"," 1"
"134","gap 29","0","100","100","100"
"92","chrY_963700","  963600"," 17","  0"," 0"
"93","chrY_963800","  963700"," 34","  0"," 3"
"94","chrY_963900","  963800"," 28","  5"," 2"
"135","gap 30","0","100","100","100"
"96","chrY_984400","  984300"," 32"," 20"," 0"
"97","chrY_984500","  984400"," 20"," 20"," 0"
"136","gap 31","0","100","100","100"
"99","chrY_996200","  996100"," 21","  8"," 0"
"100","chrY_996300","  996200"," 39","  6"," 0"
"137","gap 32","0","100","100","100"
"102","chrY_1120200"," 1120100"," 30","  0"," 0"
"103","chrY_1120300"," 1120200"," 24","  0"," 0"
"138","gap 33","0","100","100","100"
"105","chrY_1120600"," 1120500"," 29","  0"," 0"
"106","chrY_1120700"," 1120600"," 36","  1"," 0"
"139","gap 34","0","100","100","100"
"108","chrY_1172000"," 1171900"," 12","  0"," 0"
"109","chrY_1172100"," 1172000"," 14","  0"," 0"
"1101","chrY_1172200"," 1172100"," 31","  0"," 0"
"1111","chrY_1172300"," 1172200"," 42","  0"," 0"
"140","gap 35","0","100","100","100"
"1131","chrY_1174400"," 1174300"," 57","  2"," 5"
"1141","chrY_1174500"," 1174400"," 10","  0"," 0"
"141","gap 36","0","100","100","100"
"1161","chrY_1200700"," 1200600"," 79"," 10"," 0"
"1171","chrY_1200800"," 1200700"," 59","  4"," 0"
"142","gap 37","0","100","100","100"
"1191","chrY_1221000"," 1220900"," 46","  0"," 0"
"1201","chrY_1221100"," 1221000"," 38","  2"," 0"
"143","gap 38","0","100","100","100"
"1221","chrY_1221600"," 1221500"," 89"," 10"," 0"
"1231","chrY_1221700"," 1221600"," 45","  0"," 0"
"144","gap 39","0","100","100","100"
"1251","chrY_1253900"," 1253800","  1","  2"," 1"
"1261","chrY_1254000"," 1253900"," 28"," 14","18"
"145","gap 40","0","100","100","100"
"1281","chrY_1260600"," 1260500"," 86"," 15"," 0"
"1291","chrY_1260700"," 1260600"," 49","  3"," 0"
"146","gap 41","0","100","100","100"
"1311","chrY_1265100"," 1265000"," 42"," 11"," 0"
"1321","chrY_1265200"," 1265100"," 51","  6"," 0"
"147","gap 42","0","100","100","100"
"1341","chrY_1268800"," 1268700"," 33","  3"," 0"
"1351","chrY_1268900"," 1268800"," 40","  3"," 0"
"1361","chrY_1269000"," 1268900"," 43"," 11"," 0"
"1371","chrY_1269100"," 1269000"," 13","  0"," 4"
"1381","chrY_1269200"," 1269100"," 15","  0"," 0"
"148","gap 43","0","100","100","100"
"1401","chrY_1273900"," 1273800"," 63"," 11"," 6"
"1411","chrY_1274000"," 1273900"," 35","  7"," 0"
"149","gap 44","0","100","100","100"
"1431","chrY_1274300"," 1274200"," 42","  6"," 0"
"1441","chrY_1274400"," 1274300"," 50","  4"," 0"
"150","gap 45","0","100","100","100"
"1461","chrY_1275600"," 1275500"," 50","  4"," 0"
"1471","chrY_1275700"," 1275600"," 58","  2"," 0"
"1481","chrY_1275800"," 1275700"," 36","  3"," 2"
"151","gap 46","0","100","100","100"
"1501","chrY_1278400"," 1278300"," 41","  0"," 0"
"1511","chrY_1278500"," 1278400"," 75","  5"," 0"
"152","gap 47","0","100","100","100"
"153","chrY_1279500"," 1279400"," 63","  6"," 0"
"154","chrY_1279600"," 1279500"," 52","  0"," 0"
"155","gap 48","0","100","100","100"
"156","chrY_1309900"," 1309800"," 41"," 10"," 4"
"157","chrY_1310000"," 1309900"," 20","  5"," 4"
"158","gap 49","0","100","100","100"
"159","chrY_1405000"," 1404900","  9"," 13","10"
"160","chrY_1405100"," 1405000","  6"," 23","10"
"161","gap 50","0","100","100","100"
"162","chrY_1459100"," 1459000"," 25"," 15"," 0"
"163","chrY_1459200"," 1459100"," 24"," 15"," 1"
"164","gap 51","0","100","100","100"
"165","chrY_1462100"," 1462000"," 18","  1"," 0"
"166","chrY_1462200"," 1462100"," 34","  3"," 0"
"167","gap 52","0","100","100","100"
"168","chrY_1732700"," 1732600"," 15","  1"," 1"
"169","chrY_1732800"," 1732700"," 24","  4"," 0"
"170","gap 53","0","100","100","100"
"171","chrY_1780900"," 1780800"," 13"," 11","16"
"172","chrY_1781000"," 1780900"," 18"," 13"," 6"
"173","gap 54","0","100","100","100"
"174","chrY_1795400"," 1795300"," 29","  7"," 7"
"175","chrY_1795500"," 1795400"," 29"," 11"," 9"
"176","gap 55","0","100","100","100"
"177","chrY_1801000"," 1800900"," 18","  0"," 1"
"178","chrY_1801100"," 1801000"," 12","  0"," 0"
"179","chrY_1801200"," 1801100"," 18","  0"," 0"
"180","chrY_1801300"," 1801200"," 39","  2"," 0"
"181","chrY_1801400"," 1801300"," 25","  1"," 0"
"182","gap 56","0","100","100","100"
"183","chrY_1823400"," 1823300"," 57"," 28"," 8"
"184","chrY_1823500"," 1823400"," 63"," 20"," 3"
"185","gap 57","0","100","100","100"
"186","chrY_1836400"," 1836300"," 38"," 14","13"
"187","chrY_1836500"," 1836400"," 32"," 10"," 4"
"188","gap 58","0","100","100","100"
"189","chrY_1856200"," 1856100"," 17","  7"," 9"
"190","chrY_1856300"," 1856200"," 25"," 16"," 5"
"191","gap 59","0","100","100","100"
"192","chrY_1883900"," 1883800"," 41","  0"," 0"
"193","chrY_1884000"," 1883900"," 13","  1"," 0"
"194","gap 60","0","100","100","100"
"195","chrY_1884500"," 1884400"," 22"," 17","10"
"196","chrY_1884600"," 1884500"," 13","  9"," 0"
"197","gap 61","0","100","100","100"
"198","chrY_1885800"," 1885700"," 25","  0"," 0"
"199","chrY_1885900"," 1885800"," 27","  1"," 0"
"1100","gap 62","0","100","100","100"
"201","chrY_1887300"," 1887200"," 13","  5"," 3"
"202","chrY_1887400"," 1887300"," 22"," 10"," 0"
"1102","gap 63","0","100","100","100"
"204","chrY_1890000"," 1889900"," 19","  5"," 0"
"205","chrY_1890100"," 1890000"," 13","  0"," 0"
"206","chrY_1890200"," 1890100"," 39"," 12"," 0"
"207","chrY_1890300"," 1890200"," 16","  0"," 0"
"208","chrY_1890400"," 1890300"," 25","  0"," 0"
"1103","gap 64","0","100","100","100"
"210","chrY_1891200"," 1891100"," 47","  4"," 0"
"211","chrY_1891300"," 1891200"," 79"," 15"," 5"
"1104","gap 65","0","100","100","100"
"213","chrY_1895400"," 1895300"," 49","  8"," 2"
"214","chrY_1895500"," 1895400"," 33"," 13"," 0"
"1105","gap 66","0","100","100","100"
"216","chrY_1897900"," 1897800"," 33","  7"," 8"
"217","chrY_1898000"," 1897900"," 10","  4"," 0"
"1106","gap 67","0","100","100","100"
"219","chrY_1898400"," 1898300"," 48"," 20"," 0"
"220","chrY_1898500"," 1898400","  6","  4"," 0"
"221","chrY_1898600"," 1898500"," 44"," 26"," 9"
"1107","gap 68","0","100","100","100"
"223","chrY_1899400"," 1899300"," 70","  9"," 3"
"224","chrY_1899500"," 1899400"," 63"," 14","11"
"1108","gap 69","0","100","100","100"
"226","chrY_1938300"," 1938200"," 19"," 10"," 5"
"227","chrY_1938400"," 1938300","  9","  3"," 0"
"1109","gap 70","0","100","100","100"
"229","chrY_1991000"," 1990900","104"," 12"," 5"
"230","chrY_1991100"," 1991000"," 25","  4"," 0"
"1110","gap 71","0","100","100","100"
"232","chrY_2017400"," 2017300"," 41","  6"," 0"
"233","chrY_2017500"," 2017400"," 34","  0"," 0"
"1112","gap 72","0","100","100","100"
"235","chrY_2019700"," 2019600"," 13","  4"," 0"
"236","chrY_2019800"," 2019700"," 13","  0"," 0"
"1113","gap 73","0","100","100","100"
"238","chrY_2039800"," 2039700"," 16","  6"," 0"
"239","chrY_2039900"," 2039800","  7","  1"," 0"
"1114","gap 74","0","100","100","100"
"241","chrY_2042900"," 2042800"," 14","  0"," 3"
"242","chrY_2043000"," 2042900"," 32","  6","15"
"1115","gap 75","0","100","100","100"
"244","chrY_2073700"," 2073600"," 43"," 17"," 3"
"245","chrY_2073800"," 2073700"," 13","  4"," 4"
"1116","gap 76","0","100","100","100"
"247","chrY_2078300"," 2078200"," 31","  3"," 0"
"248","chrY_2078400"," 2078300"," 49","  8"," 0"
"249","chrY_2078500"," 2078400"," 31"," 10"," 0"
"1117","gap 77","0","100","100","100"
"251","chrY_2095300"," 2095200","  8","  0"," 0"
"252","chrY_2095400"," 2095300"," 12","  0"," 4"
"1118","gap 78","0","100","100","100"
"254","chrY_2204400"," 2204300","  8","  0"," 0"
"255","chrY_2204500"," 2204400"," 42"," 11"," 8"
"1119","gap 79","0","100","100","100"
"257","chrY_2206500"," 2206400"," 25"," 15"," 7"
"258","chrY_2206600"," 2206500"," 11","  3"," 3"
"1120","gap 80","0","100","100","100"
"260","chrY_2208300"," 2208200"," 24","  0"," 0"
"261","chrY_2208400"," 2208300"," 19","  0"," 0"
"262","chrY_2208500"," 2208400"," 59","  3"," 0"
"1121","gap 81","0","100","100","100"
"264","chrY_2282700"," 2282600"," 23","  9"," 0"
"265","chrY_2282800"," 2282700"," 30","  6"," 3"
"1122","gap 82","0","100","100","100"
"267","chrY_2293900"," 2293800"," 15","  4"," 0"
"268","chrY_2294000"," 2293900"," 63"," 14"," 5"
"1123","gap 83","0","100","100","100"
"270","chrY_2314500"," 2314400","  6","  1"," 0"
"271","chrY_2314600"," 2314500"," 96"," 18","14"
"1124","gap 84","0","100","100","100"
"273","chrY_2361000"," 2360900"," 14","  0"," 0"
"274","chrY_2361100"," 2361000"," 52","  4"," 0"
"1125","gap 85","0","100","100","100"
"276","chrY_2362700"," 2362600"," 63"," 11"," 0"
"277","chrY_2362800"," 2362700"," 35"," 13"," 0"
"1126","gap 86","0","100","100","100"
"279","chrY_2403700"," 2403600"," 36","  8"," 0"
"280","chrY_2403800"," 2403700"," 35","  5"," 1"
"1127","gap 87","0","100","100","100"
"282","chrY_2412700"," 2412600"," 43","  7"," 0"
"283","chrY_2412800"," 2412700"," 19"," 10"," 0"
"1128","gap 88","0","100","100","100"
"285","chrY_2413100"," 2413000"," 15"," 13"," 0"
"286","chrY_2413200"," 2413100"," 15","  7"," 0"
"1129","gap 89","0","100","100","100"
"288","chrY_2439800"," 2439700"," 64","  4"," 1"
"289","chrY_2439900"," 2439800"," 71","  4"," 3"
"290","chrY_2440000"," 2439900"," 81","  8"," 3"
"1130","gap 90","0","100","100","100"
"292","chrY_2449900"," 2449800"," 11","  6"," 5"
"293","chrY_2450000"," 2449900"," 14"," 21"," 5"
"1132","gap 91","0","100","100","100"
"295","chrY_2475900"," 2475800"," 29"," 16"," 1"
"296","chrY_2476000"," 2475900"," 54"," 21"," 6"
"297","chrY_2476100"," 2476000"," 50"," 18"," 2"
"1133","gap 92","0","100","100","100"
"299","chrY_2481400"," 2481300"," 33","  5"," 0"
"300","chrY_2481500"," 2481400"," 36"," 18"," 0"
"301","chrY_2481600"," 2481500"," 51"," 11"," 0"
"1134","gap 93","0","100","100","100"
"303","chrY_2491700"," 2491600","  8"," 10"," 2"
"304","chrY_2491800"," 2491700","  9"," 17"," 6"
"1135","gap 94","0","100","100","100"
"306","chrY_2503100"," 2503000"," 23"," 15"," 0"
"307","chrY_2503200"," 2503100"," 39"," 18"," 7"
"1136","gap 95","0","100","100","100"
"309","chrY_2524100"," 2524000","  5","  0"," 0"
"310","chrY_2524200"," 2524100"," 13","  0"," 0"
"1137","gap 96","0","100","100","100"
"312","chrY_2546900"," 2546800"," 39","  4"," 0"
"313","chrY_2547000"," 2546900"," 25","  1"," 0"
"1138","gap 97","0","100","100","100"
"315","chrY_2557600"," 2557500"," 28","  8"," 0"
"316","chrY_2557700"," 2557600"," 56"," 21"," 6"
"1139","gap 98","0","100","100","100"
"318","chrY_2586600"," 2586500"," 35","  0"," 0"
"319","chrY_2586700"," 2586600"," 32","  5"," 0"
"1140","gap 99","0","100","100","100"
"321","chrY_2587400"," 2587300"," 19","  0"," 0"
"322","chrY_2587500"," 2587400"," 10","  0"," 0"
"1142","gap 100","0","100","100","100"
"324","chrY_2605600"," 2605500"," 18","  0"," 0"
"325","chrY_2605700"," 2605600"," 26","  0"," 0"
"1143","gap 101","0","100","100","100"
"327","chrY_2606000"," 2605900"," 18","  8"," 2"
"328","chrY_2606100"," 2606000","  9","  1"," 0"
"1144","gap 102","0","100","100","100"
"330","chrY_2664200"," 2664100"," 36"," 27"," 3"
"331","chrY_2664300"," 2664200"," 74"," 27"," 9"
"1145","gap 103","0","100","100","100"
"333","chrY_2706400"," 2706300"," 12","  3"," 0"
"334","chrY_2706500"," 2706400"," 21","  0"," 0"
"1146","gap 104","0","100","100","100"
"336","chrY_2728200"," 2728100"," 41"," 14"," 3"
"337","chrY_2728300"," 2728200"," 45"," 13"," 1"
"1147","gap 105","0","100","100","100"
"339","chrY_2739000"," 2738900"," 36","  3"," 0"
"340","chrY_2739100"," 2739000"," 64","  3"," 0"
"1148","gap 106","0","100","100","100"
"342","chrY_2740000"," 2739900"," 42","  3"," 0"
"343","chrY_2740100"," 2740000"," 26","  0"," 0"
"1149","gap 107","0","100","100","100"
"345","chrY_2742600"," 2742500"," 66"," 10"," 0"
"346","chrY_2742700"," 2742600"," 36","  0"," 0"
"347","chrY_2742800"," 2742700"," 21","  0"," 0"
"348","chrY_2742900"," 2742800","104"," 13"," 5"
"1150","gap 108","0","100","100","100"
"350","chrY_2758200"," 2758100"," 19","  0"," 0"
"351","chrY_2758300"," 2758200"," 29","  0"," 0"
"1151","gap 109","0","100","100","100"
"353","chrY_2760000"," 2759900"," 27","  6"," 3"
"354","chrY_2760100"," 2760000"," 33"," 11"," 1"
"1152","gap 110","0","100","100","100"
"356","chrY_2761600"," 2761500"," 23","  0"," 0"
"357","chrY_2761700"," 2761600"," 30","  5"," 0"
"1153","gap 111","0","100","100","100"
"359","chrY_2763100"," 2763000"," 69","  9"," 0"
"360","chrY_2763200"," 2763100"," 18","  6"," 0"
"1154","gap 112","0","100","100","100"
"362","chrY_3335700"," 3335600"," 21","  0"," 0"
"363","chrY_3335800"," 3335700"," 33","  0"," 0"
"1155","gap 113","0","100","100","100"
"365","chrY_3836300"," 3836200"," 53"," 14"," 1"
"366","chrY_3836400"," 3836300"," 62","  7"," 0"
"1156","gap 114","0","100","100","100"
"368","chrY_3840500"," 3840400"," 31","  0"," 0"
"369","chrY_3840600"," 3840500"," 23","  0"," 0"
"370","chrY_3840700"," 3840600"," 34","  1"," 0"
"1157","gap 115","0","100","100","100"
"372","chrY_3844400"," 3844300"," 42","  9"," 0"
"373","chrY_3844500"," 3844400"," 22","  4"," 0"
"1158","gap 116","0","100","100","100"
"375","chrY_3896900"," 3896800"," 41","  7"," 2"
"376","chrY_3897000"," 3896900"," 77","  5"," 0"
"1159","gap 117","0","100","100","100"
"378","chrY_3941100"," 3941000"," 26","  9"," 7"
"379","chrY_3941200"," 3941100","  9","  0"," 0"
"380","chrY_3941300"," 3941200","  9","  0"," 0"
"1160","gap 118","0","100","100","100"
"382","chrY_3962400"," 3962300"," 17","  0"," 0"
"383","chrY_3962500"," 3962400"," 31","  9"," 0"
"1162","gap 119","0","100","100","100"
"385","chrY_3967400"," 3967300"," 23","  4"," 0"
"386","chrY_3967500"," 3967400"," 23","  9"," 0"
"1163","gap 120","0","100","100","100"
"388","chrY_3998300"," 3998200"," 44"," 14"," 1"
"389","chrY_3998400"," 3998300"," 50"," 17"," 3"
"1164","gap 121","0","100","100","100"
"391","chrY_4003300"," 4003200"," 13","  0"," 0"
"392","chrY_4003400"," 4003300"," 16","  2"," 0"
"1165","gap 122","0","100","100","100"
"394","chrY_4003900"," 4003800"," 34","  6"," 7"
"395","chrY_4004000"," 4003900"," 10","  0"," 0"
"1166","gap 123","0","100","100","100"
"397","chrY_4004200"," 4004100"," 25","  4"," 0"
"398","chrY_4004300"," 4004200"," 31","  4"," 0"
"399","chrY_4004400"," 4004300"," 15","  0"," 0"
"1167","gap 124","0","100","100","100"
"401","chrY_4011700"," 4011600"," 35"," 11"," 1"
"402","chrY_4011800"," 4011700"," 11","  5"," 0"
"1168","gap 125","0","100","100","100"
"404","chrY_4043800"," 4043700"," 29"," 12"," 0"
"405","chrY_4043900"," 4043800"," 45","  6"," 0"
"1169","gap 126","0","100","100","100"
"407","chrY_4065700"," 4065600"," 27","  0"," 0"
"408","chrY_4065800"," 4065700"," 33","  0"," 0"
"409","chrY_4065900"," 4065800"," 23","  0"," 0"
"410","chrY_4066000"," 4065900"," 22","  0"," 0"
"411","chrY_4066100"," 4066000"," 37","  0"," 0"
"1170","gap 127","0","100","100","100"
"413","chrY_4150800"," 4150700","  6","  0"," 0"
"414","chrY_4150900"," 4150800","  6","  5"," 0"
"1172","gap 128","0","100","100","100"
"416","chrY_4157600"," 4157500"," 14","  0"," 3"
"417","chrY_4157700"," 4157600"," 13","  3"," 1"
"1173","gap 129","0","100","100","100"
"419","chrY_4160900"," 4160800"," 28","  2"," 3"
"420","chrY_4161000"," 4160900"," 20","  0"," 1"
"421","chrY_4161100"," 4161000"," 13","  4"," 2"
"1174","gap 130","0","100","100","100"
"423","chrY_4166300"," 4166200","  8","  3"," 0"
"424","chrY_4166400"," 4166300"," 18"," 13","13"
"1175","gap 131","0","100","100","100"
"426","chrY_4188100"," 4188000"," 46","  8"," 4"
"427","chrY_4188200"," 4188100"," 37"," 10"," 4"
"1176","gap 132","0","100","100","100"
"429","chrY_4196000"," 4195900"," 32","  3"," 0"
"430","chrY_4196100"," 4196000"," 19","  0"," 0"
"1177","gap 133","0","100","100","100"
"432","chrY_4196800"," 4196700"," 32","  4"," 0"
"433","chrY_4196900"," 4196800"," 21","  2"," 0"
"1178","gap 134","0","100","100","100"
"435","chrY_4207000"," 4206900"," 37","  3"," 0"
"436","chrY_4207100"," 4207000"," 14","  2"," 2"
"1179","gap 135","0","100","100","100"
"438","chrY_4255700"," 4255600","  5","  3"," 0"
"439","chrY_4255800"," 4255700"," 13","  2"," 0"
"1180","gap 136","0","100","100","100"
"441","chrY_4312100"," 4312000"," 12","  2"," 0"
"442","chrY_4312200"," 4312100"," 49","  5"," 0"
"443","chrY_4312300"," 4312200"," 11","  2"," 4"
"444","chrY_4312400"," 4312300"," 13","  6"," 4"
"1181","gap 137","0","100","100","100"
"446","chrY_4350300"," 4350200"," 11","  4"," 0"
"447","chrY_4350400"," 4350300"," 46"," 16"," 0"
"1182","gap 138","0","100","100","100"
"449","chrY_4378900"," 4378800"," 22","  6"," 0"
"450","chrY_4379000"," 4378900","  6","  4"," 0"
"1183","gap 139","0","100","100","100"
"452","chrY_4423900"," 4423800"," 26","  3"," 0"
"453","chrY_4424000"," 4423900"," 20"," 10"," 0"
"1184","gap 140","0","100","100","100"
"455","chrY_4425000"," 4424900"," 26"," 18"," 0"
"456","chrY_4425100"," 4425000"," 22","  9"," 0"
"1185","gap 141","0","100","100","100"
"458","chrY_4436100"," 4436000"," 36","  0"," 0"
"459","chrY_4436200"," 4436100"," 30","  0"," 0"
"1186","gap 142","0","100","100","100"
"461","chrY_4438100"," 4438000"," 81"," 15"," 4"
"462","chrY_4438200"," 4438100"," 17","  0"," 0"
"1187","gap 143","0","100","100","100"
"464","chrY_4448100"," 4448000"," 13","  0"," 0"
"465","chrY_4448200"," 4448100"," 10","  0"," 0"
"1188","gap 144","0","100","100","100"
"467","chrY_4449500"," 4449400"," 23","  4"," 0"
"468","chrY_4449600"," 4449500","  6","  0"," 0"
"1189","gap 145","0","100","100","100"
"470","chrY_4452300"," 4452200"," 21","  5"," 0"
"471","chrY_4452400"," 4452300"," 33","  5"," 7"
"1190","gap 146","0","100","100","100"
"473","chrY_4553500"," 4553400"," 22","  4"," 0"
"474","chrY_4553600"," 4553500","  9","  0"," 0"
"1192","gap 147","0","100","100","100"
"476","chrY_4553800"," 4553700","  6","  7"," 4"
"477","chrY_4553900"," 4553800","  7","  3"," 0"
"1193","gap 148","0","100","100","100"
"479","chrY_4596700"," 4596600"," 21","  4"," 1"
"480","chrY_4596800"," 4596700"," 17","  2"," 0"
"1194","gap 149","0","100","100","100"
"482","chrY_4626800"," 4626700"," 38","  4"," 0"
"483","chrY_4626900"," 4626800"," 16","  0"," 0"
"1195","gap 150","0","100","100","100"
"485","chrY_4677300"," 4677200","  7","  4"," 0"
"486","chrY_4677400"," 4677300"," 20","  4"," 1"
"1196","gap 151","0","100","100","100"
"488","chrY_4682500"," 4682400"," 70","  8"," 0"
"489","chrY_4682600"," 4682500"," 75"," 11"," 3"
"1197","gap 152","0","100","100","100"
"491","chrY_4691300"," 4691200","  8","  3"," 0"
"492","chrY_4691400"," 4691300"," 10"," 14"," 0"
"493","chrY_4691500"," 4691400"," 16","  7"," 0"
"1198","gap 153","0","100","100","100"
"495","chrY_4695600"," 4695500"," 33","  8"," 7"
"496","chrY_4695700"," 4695600"," 16","  3"," 5"
"1199","gap 154","0","100","100","100"
"498","chrY_4701900"," 4701800"," 16","  7"," 0"
"499","chrY_4702000"," 4701900"," 17","  8"," 0"
"1200","gap 155","0","100","100","100"
"501","chrY_4799600"," 4799500"," 17","  0"," 0"
"502","chrY_4799700"," 4799600","  9","  0"," 0"
"1202","gap 156","0","100","100","100"
"504","chrY_4801100"," 4801000"," 37"," 10"," 0"
"505","chrY_4801200"," 4801100"," 30"," 11"," 5"
"1203","gap 157","0","100","100","100"
"507","chrY_4802000"," 4801900"," 11","  3"," 0"
"508","chrY_4802100"," 4802000"," 18","  0"," 0"
"509","chrY_4802200"," 4802100","  9","  0"," 0"
"1204","gap 158","0","100","100","100"
"511","chrY_4803000"," 4802900"," 70","  7"," 0"
"512","chrY_4803100"," 4803000"," 13","  0"," 0"
"513","chrY_4803200"," 4803100"," 16","  0"," 0"
"1205","gap 159","0","100","100","100"
"515","chrY_4803600"," 4803500"," 14","  0"," 0"
"516","chrY_4803700"," 4803600"," 21","  0"," 0"
"1206","gap 160","0","100","100","100"
"518","chrY_4829500"," 4829400"," 12","  4"," 0"
"519","chrY_4829600"," 4829500"," 16","  8"," 0"
"520","chrY_4829700"," 4829600"," 22","  3"," 0"
"1207","gap 161","0","100","100","100"
"522","chrY_4835900"," 4835800","  7"," 12"," 0"
"523","chrY_4836000"," 4835900"," 18"," 13"," 0"
"1208","gap 162","0","100","100","100"
"525","chrY_4838800"," 4838700"," 15","  0"," 0"
"526","chrY_4838900"," 4838800"," 15","  0"," 0"
"1209","gap 163","0","100","100","100"
"528","chrY_4844500"," 4844400"," 12","  2"," 0"
"529","chrY_4844600"," 4844500","  5","  4"," 0"
"1210","gap 164","0","100","100","100"
"531","chrY_4846100"," 4846000"," 34","  5"," 0"
"532","chrY_4846200"," 4846100","  5","  0"," 0"
"1211","gap 165","0","100","100","100"
"534","chrY_4854300"," 4854200","  9","  0"," 0"
"535","chrY_4854400"," 4854300"," 52"," 13"," 3"
"1212","gap 166","0","100","100","100"
"537","chrY_4904500"," 4904400","  7","  4"," 0"
"538","chrY_4904600"," 4904500"," 10"," 11"," 0"
"1213","gap 167","0","100","100","100"
"540","chrY_4952400"," 4952300"," 45"," 10"," 0"
"541","chrY_4952500"," 4952400"," 24","  0"," 0"
"1214","gap 168","0","100","100","100"
"543","chrY_4952800"," 4952700"," 13","  5"," 0"
"544","chrY_4952900"," 4952800"," 23"," 13"," 0"
"1215","gap 169","0","100","100","100"
"546","chrY_5014000"," 5013900"," 22","  8"," 1"
"547","chrY_5014100"," 5014000"," 15","  0"," 0"
"1216","gap 170","0","100","100","100"
"549","chrY_5014800"," 5014700"," 43"," 23","11"
"550","chrY_5014900"," 5014800"," 43"," 24"," 7"
"1217","gap 171","0","100","100","100"
"552","chrY_5070900"," 5070800"," 21","  1"," 0"
"553","chrY_5071000"," 5070900"," 23","  9"," 0"
"1218","gap 172","0","100","100","100"
"555","chrY_5081300"," 5081200"," 41","  9"," 1"
"556","chrY_5081400"," 5081300"," 42","  4"," 0"
"1219","gap 173","0","100","100","100"
"558","chrY_5114400"," 5114300","  6","  5"," 1"
"559","chrY_5114500"," 5114400"," 17","  3"," 0"
"560","chrY_5114600"," 5114500"," 13","  6"," 0"
"1220","gap 174","0","100","100","100"
"562","chrY_5126000"," 5125900"," 15","  4"," 0"
"563","chrY_5126100"," 5126000","  7","  5"," 0"
"1222","gap 175","0","100","100","100"
"565","chrY_5136100"," 5136000","  7","  4"," 0"
"566","chrY_5136200"," 5136100"," 16","  1"," 0"
"1223","gap 176","0","100","100","100"
"568","chrY_5147100"," 5147000"," 11","  0"," 1"
"569","chrY_5147200"," 5147100"," 14","  5"," 0"
"1224","gap 177","0","100","100","100"
"571","chrY_5174000"," 5173900"," 19"," 14"," 3"
"572","chrY_5174100"," 5174000"," 17"," 10"," 3"
"573","chrY_5174200"," 5174100"," 21","  3"," 2"
"1225","gap 178","0","100","100","100"
"575","chrY_5260100"," 5260000"," 57","  8"," 0"
"576","chrY_5260200"," 5260100"," 18","  0"," 0"
"1226","gap 179","0","100","100","100"
"578","chrY_5296700"," 5296600"," 37","  7"," 0"
"579","chrY_5296800"," 5296700"," 23","  5"," 3"
"580","chrY_5296900"," 5296800"," 32"," 11"," 0"
"1227","gap 180","0","100","100","100"
"582","chrY_5316000"," 5315900"," 31","  9"," 6"
"583","chrY_5316100"," 5316000"," 14","  8"," 0"
"1228","gap 181","0","100","100","100"
"585","chrY_5340600"," 5340500"," 13","  2"," 2"
"586","chrY_5340700"," 5340600"," 19","  5"," 1"
"1229","gap 182","0","100","100","100"
"588","chrY_5361600"," 5361500"," 14","  5"," 2"
"589","chrY_5361700"," 5361600"," 29"," 13"," 5"
"590","chrY_5361800"," 5361700"," 29","  9"," 3"
"1230","gap 183","0","100","100","100"
"592","chrY_5488300"," 5488200"," 26","  9"," 0"
"593","chrY_5488400"," 5488300"," 22"," 16"," 0"
"1232","gap 184","0","100","100","100"
"595","chrY_5491700"," 5491600"," 13","  4"," 0"
"596","chrY_5491800"," 5491700"," 12"," 11"," 0"
"1233","gap 185","0","100","100","100"
"598","chrY_5499800"," 5499700"," 11","  4"," 0"
"599","chrY_5499900"," 5499800"," 25","  5"," 5"
"1234","gap 186","0","100","100","100"
"601","chrY_5502300"," 5502200"," 41","  0"," 0"
"602","chrY_5502400"," 5502300"," 34","  0"," 0"
"603","chrY_5502500"," 5502400"," 27","  0"," 0"
"604","chrY_5502600"," 5502500"," 11","  2"," 0"
"1235","gap 187","0","100","100","100"
"606","chrY_5504400"," 5504300","  9","  3"," 0"
"607","chrY_5504500"," 5504400"," 15","  0"," 0"
"1236","gap 188","0","100","100","100"
"609","chrY_5513000"," 5512900"," 29","  4"," 0"
"610","chrY_5513100"," 5513000"," 19","  0"," 0"
"1237","gap 189","0","100","100","100"
"612","chrY_5517300"," 5517200"," 43","  0"," 0"
"613","chrY_5517400"," 5517300"," 30","  0"," 0"
"1238","gap 190","0","100","100","100"
"615","chrY_5547300"," 5547200","  6","  1"," 0"
"616","chrY_5547400"," 5547300"," 22","  0"," 0"
"1239","gap 191","0","100","100","100"
"618","chrY_5591300"," 5591200"," 18","  0"," 0"
"619","chrY_5591400"," 5591300"," 17","  0"," 0"
"1240","gap 192","0","100","100","100"
"621","chrY_5637200"," 5637100"," 33","  0"," 0"
"622","chrY_5637300"," 5637200"," 15","  1"," 0"
"623","chrY_5637400"," 5637300"," 12","  1"," 0"
"1241","gap 193","0","100","100","100"
"625","chrY_5638900"," 5638800"," 15","  0"," 0"
"626","chrY_5639000"," 5638900"," 19","  0"," 0"
"1242","gap 194","0","100","100","100"
"628","chrY_5645400"," 5645300","  8","  3"," 0"
"629","chrY_5645500"," 5645400","  8","  4"," 0"
"1243","gap 195","0","100","100","100"
"631","chrY_5648900"," 5648800","  7","  7"," 2"
"632","chrY_5649000"," 5648900"," 13","  8"," 6"
"633","chrY_5649100"," 5649000","  8","  3"," 0"
"1244","gap 196","0","100","100","100"
"635","chrY_5649300"," 5649200"," 19","  0"," 0"
"636","chrY_5649400"," 5649300"," 13","  0"," 0"
"637","chrY_5649500"," 5649400","  8","  1"," 0"
"1245","gap 197","0","100","100","100"
"639","chrY_5766400"," 5766300","  9","  8"," 0"
"640","chrY_5766500"," 5766400"," 27"," 17"," 4"
"641","chrY_5766600"," 5766500"," 28","  7"," 3"
"1246","gap 198","0","100","100","100"
"643","chrY_5829300"," 5829200"," 13","  1"," 5"
"644","chrY_5829400"," 5829300"," 14","  3"," 0"
"1247","gap 199","0","100","100","100"
"646","chrY_5830300"," 5830200"," 25","  6"," 0"
"647","chrY_5830400"," 5830300"," 22","  0"," 0"
"1248","gap 200","0","100","100","100"
"649","chrY_5869600"," 5869500"," 56"," 39","13"
"650","chrY_5869700"," 5869600"," 13"," 10"," 0"
"1249","gap 201","0","100","100","100"
"652","chrY_5879100"," 5879000"," 24","  3"," 4"
"653","chrY_5879200"," 5879100"," 22","  0"," 0"
"1250","gap 202","0","100","100","100"
"655","chrY_5879400"," 5879300"," 23","  0"," 0"
"656","chrY_5879500"," 5879400"," 31","  6"," 0"
"1252","gap 203","0","100","100","100"
"658","chrY_5880400"," 5880300"," 11","  3"," 0"
"659","chrY_5880500"," 5880400"," 18","  2"," 0"
"1253","gap 204","0","100","100","100"
"661","chrY_5881200"," 5881100"," 17"," 12"," 0"
"662","chrY_5881300"," 5881200","  6","  3"," 0"
"663","chrY_5881400"," 5881300"," 16"," 31"," 6"
"1254","gap 205","0","100","100","100"
"665","chrY_5884800"," 5884700"," 39","  0"," 5"
"666","chrY_5884900"," 5884800"," 25","  0"," 0"
"1255","gap 206","0","100","100","100"
"668","chrY_5885100"," 5885000"," 28","  8"," 0"
"669","chrY_5885200"," 5885100","  8","  5"," 0"
"1256","gap 207","0","100","100","100"
"671","chrY_5887200"," 5887100"," 17","  0"," 0"
"672","chrY_5887300"," 5887200"," 11","  0"," 0"
"673","chrY_5887400"," 5887300"," 10","  0"," 0"
"1257","gap 208","0","100","100","100"
"675","chrY_5929000"," 5928900","  8","  0"," 0"
"676","chrY_5929100"," 5929000"," 15","  2"," 0"
"1258","gap 209","0","100","100","100"
"678","chrY_5931800"," 5931700","  8","  0"," 0"
"679","chrY_5931900"," 5931800","  7","  6"," 0"
"1259","gap 210","0","100","100","100"
"681","chrY_5969200"," 5969100","  4","  8"," 5"
"682","chrY_5969300"," 5969200","  5","  4"," 3"
"1260","gap 211","0","100","100","100"
"684","chrY_6018600"," 6018500","  8"," 10"," 3"
"685","chrY_6018700"," 6018600","  6"," 10"," 0"
"1262","gap 212","0","100","100","100"
"687","chrY_6164300"," 6164200","  6","  3"," 0"
"688","chrY_6164400"," 6164300"," 16","  6"," 4"
"1263","gap 213","0","100","100","100"
"690","chrY_6168200"," 6168100"," 43","  8"," 0"
"691","chrY_6168300"," 6168200"," 20","  0"," 0"
"692","chrY_6168400"," 6168300"," 11","  0"," 0"
"1264","gap 214","0","100","100","100"
"694","chrY_6178000"," 6177900","  9","  0"," 0"
"695","chrY_6178100"," 6178000"," 22","  3"," 0"
"696","chrY_6178200"," 6178100"," 11","  4"," 0"
"1265","gap 215","0","100","100","100"
"698","chrY_6183700"," 6183600","  7","  0"," 0"
"699","chrY_6183800"," 6183700","  8","  5"," 0"
"1266","gap 216","0","100","100","100"
"701","chrY_6244300"," 6244200"," 29","  6"," 0"
"702","chrY_6244400"," 6244300"," 20","  0"," 0"
"1267","gap 217","0","100","100","100"
"704","chrY_6252600"," 6252500"," 12","  4"," 0"
"705","chrY_6252700"," 6252600"," 11","  2"," 0"
"1268","gap 218","0","100","100","100"
"707","chrY_6364600"," 6364500","  9","  6"," 3"
"708","chrY_6364700"," 6364600","  9"," 20"," 1"
"1269","gap 219","0","100","100","100"
"710","chrY_6411900"," 6411800","  9","  0"," 0"
"711","chrY_6412000"," 6411900","  8","  0"," 0"
"1270","gap 220","0","100","100","100"
"713","chrY_6412300"," 6412200"," 25"," 10"," 6"
"714","chrY_6412400"," 6412300"," 32"," 21"," 7"
"1271","gap 221","0","100","100","100"
"716","chrY_6522600"," 6522500"," 28","  9"," 3"
"717","chrY_6522700"," 6522600","  5","  3"," 2"
"1272","gap 222","0","100","100","100"
"719","chrY_6531200"," 6531100"," 16","  1"," 0"
"720","chrY_6531300"," 6531200"," 29","  0"," 0"
"721","chrY_6531400"," 6531300"," 32","  6"," 0"
"1273","gap 223","0","100","100","100"
"723","chrY_6541300"," 6541200"," 13","  0"," 0"
"724","chrY_6541400"," 6541300","  7","  0"," 0"
"725","chrY_6541500"," 6541400"," 33","  0"," 0"
"726","chrY_6541600"," 6541500"," 22","  0"," 0"
"727","chrY_6541700"," 6541600"," 19","  0"," 0"
"1274","gap 224","0","100","100","100"
"729","chrY_6542000"," 6541900"," 29","  7"," 0"
"730","chrY_6542100"," 6542000"," 55","  6"," 0"
"1275","gap 225","0","100","100","100"
"732","chrY_6543700"," 6543600"," 35"," 13"," 4"
"733","chrY_6543800"," 6543700"," 25","  7"," 0"
"734","chrY_6543900"," 6543800"," 12","  4"," 0"
"1276","gap 226","0","100","100","100"
"736","chrY_6548800"," 6548700"," 14","  0"," 0"
"737","chrY_6548900"," 6548800"," 16","  3"," 0"
"1277","gap 227","0","100","100","100"
"739","chrY_6550300"," 6550200"," 50","  4"," 1"
"740","chrY_6550400"," 6550300"," 22","  0"," 0"
"1278","gap 228","0","100","100","100"
"742","chrY_6553500"," 6553400"," 24","  2"," 0"
"743","chrY_6553600"," 6553500"," 10","  5"," 0"
"744","chrY_6553700"," 6553600"," 29"," 15"," 0"
"745","chrY_6553800"," 6553700"," 31","  8"," 0"
"746","chrY_6553900"," 6553800"," 16","  7"," 3"
"1279","gap 229","0","100","100","100"
"748","chrY_6554400"," 6554300"," 30","  4"," 0"
"749","chrY_6554500"," 6554400"," 16","  2"," 0"
"1280","gap 230","0","100","100","100"
"751","chrY_6592800"," 6592700"," 25"," 11"," 3"
"752","chrY_6592900"," 6592800"," 10","  3"," 0"
"1282","gap 231","0","100","100","100"
"754","chrY_6650000"," 6649900"," 13","  2"," 0"
"755","chrY_6650100"," 6650000","  8","  7"," 0"
"1283","gap 232","0","100","100","100"
"757","chrY_6710600"," 6710500"," 21","  6"," 0"
"758","chrY_6710700"," 6710600"," 20","  8"," 4"
"1284","gap 233","0","100","100","100"
"760","chrY_6730600"," 6730500"," 31"," 10"," 0"
"761","chrY_6730700"," 6730600"," 12","  0"," 0"
"1285","gap 234","0","100","100","100"
"763","chrY_6762200"," 6762100"," 19","  0"," 0"
"764","chrY_6762300"," 6762200"," 57","  8"," 3"
"765","chrY_6762400"," 6762300"," 73"," 10"," 4"
"1286","gap 235","0","100","100","100"
"767","chrY_6773100"," 6773000"," 73","  0"," 0"
"768","chrY_6773200"," 6773100"," 84","  0"," 1"
"1287","gap 236","0","100","100","100"
"770","chrY_6774300"," 6774200"," 14","  2"," 0"
"771","chrY_6774400"," 6774300"," 26","  2"," 2"
"1288","gap 237","0","100","100","100"
"773","chrY_6806000"," 6805900"," 52"," 14"," 4"
"774","chrY_6806100"," 6806000"," 29"," 13"," 2"
"1289","gap 238","0","100","100","100"
"776","chrY_6859200"," 6859100"," 17","  6"," 0"
"777","chrY_6859300"," 6859200"," 12"," 11"," 1"
"778","chrY_6859400"," 6859300"," 15","  4"," 0"
"1290","gap 239","0","100","100","100"
"780","chrY_6862300"," 6862200"," 23","  0"," 0"
"781","chrY_6862400"," 6862300"," 18","  0"," 0"
"1292","gap 240","0","100","100","100"
"783","chrY_8154600"," 8154500"," 22","  0"," 0"
"784","chrY_8154700"," 8154600"," 12","  2"," 0"
"1293","gap 241","0","100","100","100"
"786","chrY_8166200"," 8166100"," 13","  0"," 0"
"787","chrY_8166300"," 8166200"," 14","  0"," 0"
"1294","gap 242","0","100","100","100"
"789","chrY_8386100"," 8386000","  6","  0"," 0"
"790","chrY_8386200"," 8386100"," 19","  5"," 0"
"1295","gap 243","0","100","100","100"
"792","chrY_8387100"," 8387000"," 13","  1"," 0"
"793","chrY_8387200"," 8387100","  9","  6"," 0"
"1296","gap 244","0","100","100","100"
"795","chrY_8430000"," 8429900"," 21","  5"," 0"
"796","chrY_8430100"," 8430000"," 36","  9"," 3"
"1297","gap 245","0","100","100","100"
"798","chrY_8430300"," 8430200"," 23","  7"," 0"
"799","chrY_8430400"," 8430300","  8","  4"," 0"
"1298","gap 246","0","100","100","100"
"801","chrY_8435900"," 8435800"," 12"," 11"," 0"
"802","chrY_8436000"," 8435900"," 49"," 16"," 2"
"803","chrY_8436100"," 8436000"," 57"," 10"," 0"
"1299","gap 247","0","100","100","100"
"805","chrY_8445500"," 8445400"," 10","  3"," 0"
"806","chrY_8445600"," 8445500"," 15","  5"," 0"
"1300","gap 248","0","100","100","100"
"808","chrY_8653600"," 8653500"," 27","  4"," 0"
"809","chrY_8653700"," 8653600"," 27","  2"," 0"
"1301","gap 249","0","100","100","100"
"811","chrY_8697000"," 8696900"," 36"," 13"," 7"
"812","chrY_8697100"," 8697000"," 61"," 12","11"
"1302","gap 250","0","100","100","100"
"814","chrY_8698800"," 8698700"," 36"," 11"," 0"
"815","chrY_8698900"," 8698800"," 10","  0"," 0"
"816","chrY_8699000"," 8698900","  8","  0"," 0"
"817","chrY_8699100"," 8699000"," 27","  1"," 5"
"818","chrY_8699200"," 8699100"," 56"," 17","11"
"1303","gap 251","0","100","100","100"
"820","chrY_8707800"," 8707700"," 20","  7"," 0"
"821","chrY_8707900"," 8707800"," 16","  0"," 0"
"1304","gap 252","0","100","100","100"
"823","chrY_8710200"," 8710100"," 31","  3"," 4"
"824","chrY_8710300"," 8710200"," 25","  0"," 0"
"825","chrY_8710400"," 8710300","  7","  2"," 0"
"1305","gap 253","0","100","100","100"
"827","chrY_8771600"," 8771500","  6","  6"," 5"
"828","chrY_8771700"," 8771600","  7","  9"," 3"
"1306","gap 254","0","100","100","100"
"830","chrY_8793500"," 8793400"," 58"," 13"," 0"
"831","chrY_8793600"," 8793500"," 30"," 13"," 0"
"1307","gap 255","0","100","100","100"
"833","chrY_8885200"," 8885100"," 20","  9"," 7"
"834","chrY_8885300"," 8885200","  9","  6"," 9"
"1308","gap 256","0","100","100","100"
"836","chrY_8905000"," 8904900","  6","  9"," 4"
"837","chrY_8905100"," 8905000"," 12"," 12"," 0"
"1309","gap 257","0","100","100","100"
"839","chrY_8996000"," 8995900"," 15"," 11"," 3"
"840","chrY_8996100"," 8996000","  5","  8"," 0"
"1310","gap 258","0","100","100","100"
"842","chrY_8997000"," 8996900"," 26","  8"," 0"
"843","chrY_8997100"," 8997000"," 33","  5"," 0"
"844","chrY_8997200"," 8997100","  8","  5"," 0"
"1312","gap 259","0","100","100","100"
"846","chrY_9003600"," 9003500"," 13","  4"," 0"
"847","chrY_9003700"," 9003600"," 15","  3"," 0"
"1313","gap 260","0","100","100","100"
"849","chrY_9005100"," 9005000"," 27","  0"," 0"
"850","chrY_9005200"," 9005100"," 23","  0"," 0"
"1314","gap 261","0","100","100","100"
"852","chrY_9031800"," 9031700"," 43","  8"," 0"
"853","chrY_9031900"," 9031800","  9","  5"," 0"
"1315","gap 262","0","100","100","100"
"855","chrY_9038800"," 9038700","  5","  9"," 0"
"856","chrY_9038900"," 9038800","  8","  9"," 0"
"1316","gap 263","0","100","100","100"
"858","chrY_9039100"," 9039000"," 14"," 13"," 5"
"859","chrY_9039200"," 9039100"," 12"," 15"," 0"
"1317","gap 264","0","100","100","100"
"861","chrY_9041100"," 9041000"," 14","  1"," 0"
"862","chrY_9041200"," 9041100"," 32","  0"," 0"
"1318","gap 265","0","100","100","100"
"864","chrY_9043500"," 9043400"," 18","  4"," 2"
"865","chrY_9043600"," 9043500"," 49","  6"," 4"
"1319","gap 266","0","100","100","100"
"867","chrY_9050300"," 9050200"," 11","  0"," 0"
"868","chrY_9050400"," 9050300"," 26","  2"," 0"
"1320","gap 267","0","100","100","100"
"870","chrY_9052300"," 9052200"," 14","  7"," 0"
"871","chrY_9052400"," 9052300"," 24","  8"," 0"
"1322","gap 268","0","100","100","100"
"873","chrY_9062300"," 9062200"," 22"," 12"," 0"
"874","chrY_9062400"," 9062300"," 17","  7"," 2"
"1323","gap 269","0","100","100","100"
"876","chrY_9093700"," 9093600","  9","  6"," 0"
"877","chrY_9093800"," 9093700"," 18"," 12"," 0"
"1324","gap 270","0","100","100","100"
"879","chrY_9098500"," 9098400"," 23","  2"," 0"
"880","chrY_9098600"," 9098500"," 14","  0"," 0"
"1325","gap 271","0","100","100","100"
"882","chrY_9161000"," 9160900"," 26","  4"," 0"
"883","chrY_9161100"," 9161000"," 19","  5"," 0"
"1326","gap 272","0","100","100","100"
"885","chrY_9165400"," 9165300"," 14"," 20"," 6"
"886","chrY_9165500"," 9165400"," 18"," 20"," 3"
"1327","gap 273","0","100","100","100"
"888","chrY_9168500"," 9168400"," 15","  8"," 1"
"889","chrY_9168600"," 9168500"," 11"," 13"," 0"
"1328","gap 274","0","100","100","100"
"891","chrY_9170800"," 9170700","  6","  9"," 7"
"892","chrY_9170900"," 9170800"," 18","  9","14"
"1329","gap 275","0","100","100","100"
"894","chrY_9289000"," 9288900"," 19"," 10"," 0"
"895","chrY_9289100"," 9289000"," 10","  0"," 0"
"1330","gap 276","0","100","100","100"
"897","chrY_9429900"," 9429800"," 32","  2"," 0"
"898","chrY_9430000"," 9429900"," 12","  0"," 0"
"1331","gap 277","0","100","100","100"
"900","chrY_9465200"," 9465100"," 19"," 18"," 3"
"901","chrY_9465300"," 9465200"," 27"," 25"," 8"
"902","chrY_9465400"," 9465300"," 23"," 15"," 2"
"1332","gap 278","0","100","100","100"
"904","chrY_9473400"," 9473300","  7","  2"," 1"
"905","chrY_9473500"," 9473400"," 44","  8"," 3"
"1333","gap 279","0","100","100","100"
"907","chrY_9552800"," 9552700"," 19","  4"," 1"
"908","chrY_9552900"," 9552800"," 16","  3"," 0"
"1334","gap 280","0","100","100","100"
"910","chrY_9585200"," 9585100","  4","  5"," 0"
"911","chrY_9585300"," 9585200"," 18","  8"," 2"
"1335","gap 281","0","100","100","100"
"913","chrY_9626000"," 9625900"," 27","  4"," 0"
"914","chrY_9626100"," 9626000"," 68","  3"," 0"
"1336","gap 282","0","100","100","100"
"916","chrY_9640500"," 9640400"," 26","  3"," 0"
"917","chrY_9640600"," 9640500","  8","  3"," 0"
"1337","gap 283","0","100","100","100"
"919","chrY_9641300"," 9641200"," 83"," 28"," 1"
"920","chrY_9641400"," 9641300"," 24"," 10"," 3"
"1338","gap 284","0","100","100","100"
"922","chrY_9642200"," 9642100"," 18","  0"," 0"
"923","chrY_9642300"," 9642200"," 11","  3"," 0"
"924","chrY_9642400"," 9642300"," 17","  0"," 0"
"1339","gap 285","0","100","100","100"
"926","chrY_9646800"," 9646700"," 21","  4"," 0"
"927","chrY_9646900"," 9646800","  5","  5"," 0"
"1340","gap 286","0","100","100","100"
"929","chrY_9652700"," 9652600"," 33","  7"," 0"
"930","chrY_9652800"," 9652700"," 14","  0"," 0"
"1342","gap 287","0","100","100","100"
"932","chrY_9653700"," 9653600"," 12"," 14"," 2"
"933","chrY_9653800"," 9653700"," 18"," 14"," 0"
"1343","gap 288","0","100","100","100"
"935","chrY_9654900"," 9654800"," 24","  3"," 4"
"936","chrY_9655000"," 9654900"," 11","  3"," 0"
"1344","gap 289","0","100","100","100"
"938","chrY_9655800"," 9655700","  9","  4"," 0"
"939","chrY_9655900"," 9655800"," 28"," 10","12"
"940","chrY_9656000"," 9655900"," 25","  9","10"
"1345","gap 290","0","100","100","100"
"942","chrY_9670200"," 9670100"," 17"," 16"," 4"
"943","chrY_9670300"," 9670200"," 13"," 12"," 0"
"1346","gap 291","0","100","100","100"
"945","chrY_9758000"," 9757900"," 36"," 10"," 3"
"946","chrY_9758100"," 9758000"," 17","  8"," 5"
"1347","gap 292","0","100","100","100"
"948","chrY_9792700"," 9792600"," 23"," 12"," 4"
"949","chrY_9792800"," 9792700"," 10","  4"," 0"
"1348","gap 293","0","100","100","100"
"951","chrY_9852900"," 9852800"," 18"," 10"," 3"
"952","chrY_9853000"," 9852900","  6","  5"," 2"
"1349","gap 294","0","100","100","100"
"954","chrY_9874100"," 9874000"," 24","  2"," 0"
"955","chrY_9874200"," 9874100"," 33","  3"," 5"
"1350","gap 295","0","100","100","100"
"957","chrY_9922700"," 9922600"," 34","  7"," 0"
"958","chrY_9922800"," 9922700"," 30"," 13"," 4"
"1352","gap 296","0","100","100","100"
"960","chrY_9974300"," 9974200"," 21","  8"," 3"
"961","chrY_9974400"," 9974300"," 27","  9"," 4"
"1353","gap 297","0","100","100","100"
"963","chrY_10323200","10323100","  9","  2"," 2"
"964","chrY_10323300","10323200","  9","  5"," 0"
"1354","gap 298","0","100","100","100"
"966","chrY_10355500","10355400","  8","  7"," 0"
"967","chrY_10355600","10355500"," 30"," 11"," 0"
"1355","gap 299","0","100","100","100"
"969","chrY_10358000","10357900"," 11","  1"," 0"
"970","chrY_10358100","10358000"," 45","  6"," 6"
"1356","gap 300","0","100","100","100"
"972","chrY_10364900","10364800"," 45"," 17"," 0"
"973","chrY_10365000","10364900"," 28"," 16"," 0"
"1357","gap 301","0","100","100","100"
"975","chrY_10366100","10366000"," 12","  9"," 0"
"976","chrY_10366200","10366100"," 14"," 16"," 3"
"977","chrY_10366300","10366200"," 10","  3"," 0"
"978","chrY_10366400","10366300"," 18"," 14"," 0"
"979","chrY_10366500","10366400","  6","  7"," 0"
"1358","gap 302","0","100","100","100"
"981","chrY_10368400","10368300"," 40"," 30"," 9"
"982","chrY_10368500","10368400"," 47"," 18","11"
"1359","gap 303","0","100","100","100"
"984","chrY_10372600","10372500"," 12","  4"," 0"
"985","chrY_10372700","10372600"," 19","  9"," 0"
"1360","gap 304","0","100","100","100"
"987","chrY_10374800","10374700"," 29"," 11"," 0"
"988","chrY_10374900","10374800","  8","  0"," 0"
"1362","gap 305","0","100","100","100"
"990","chrY_10375300","10375200"," 15","  0"," 0"
"991","chrY_10375400","10375300"," 15","  4"," 0"
"992","chrY_10375500","10375400"," 26","  0"," 0"
"993","chrY_10375600","10375500"," 54","  1"," 3"
"1363","gap 306","0","100","100","100"
"995","chrY_10375900","10375800"," 14"," 15"," 0"
"996","chrY_10376000","10375900"," 25","  9"," 0"
"997","chrY_10376100","10376000"," 12","  0"," 0"
"1364","gap 307","0","100","100","100"
"999","chrY_10376800","10376700"," 29","  2"," 3"
"1000","chrY_10376900","10376800"," 29","  0"," 2"
"1365","gap 308","0","100","100","100"
"1002","chrY_10378200","10378100"," 19"," 11"," 8"
"1003","chrY_10378300","10378200"," 16","  4"," 4"
"1366","gap 309","0","100","100","100"
"1005","chrY_10384200","10384100"," 22","  1"," 0"
"1006","chrY_10384300","10384200"," 19","  3"," 3"
"1367","gap 310","0","100","100","100"
"1008","chrY_10454600","10454500"," 25","  6"," 0"
"1009","chrY_10454700","10454600"," 46"," 12"," 2"
"1368","gap 311","0","100","100","100"
"1011","chrY_10539000","10538900"," 26","  6"," 0"
"1012","chrY_10539100","10539000"," 13","  2"," 0"
"1369","gap 312","0","100","100","100"
"1014","chrY_10547000","10546900"," 23"," 18"," 0"
"1015","chrY_10547100","10547000"," 26"," 13"," 0"
"1370","gap 313","0","100","100","100"
"1017","chrY_10554500","10554400"," 17","  3"," 0"
"1018","chrY_10554600","10554500"," 11","  6"," 2"
"1372","gap 314","0","100","100","100"
"1020","chrY_10565100","10565000","  7"," 13"," 5"
"1021","chrY_10565200","10565100","  9"," 17","22"
"1373","gap 315","0","100","100","100"
"1023","chrY_10609600","10609500"," 46"," 11"," 0"
"1024","chrY_10609700","10609600"," 49","  9"," 2"
"1374","gap 316","0","100","100","100"
"1026","chrY_10643400","10643300"," 27"," 20"," 7"
"1027","chrY_10643500","10643400"," 34"," 26"," 7"
"1028","chrY_10643600","10643500","  8","  9"," 3"
"1375","gap 317","0","100","100","100"
"1030","chrY_10663700","10663600"," 47","  8"," 5"
"1031","chrY_10663800","10663700"," 51"," 18"," 7"
"1032","chrY_10663900","10663800"," 20"," 11"," 1"
"1376","gap 318","0","100","100","100"
"1034","chrY_10705500","10705400","145"," 34"," 0"
"1035","chrY_10705600","10705500"," 19","  3"," 0"
"1036","chrY_10705700","10705600"," 36","  4"," 0"
"1377","gap 319","0","100","100","100"
"1038","chrY_10706600","10706500"," 10","  4"," 0"
"1039","chrY_10706700","10706600"," 31","  2"," 0"
"1378","gap 320","0","100","100","100"
"1041","chrY_10709400","10709300"," 21","  0"," 0"
"1042","chrY_10709500","10709400"," 88","  0"," 2"
"1043","chrY_10709600","10709500"," 30","  0"," 2"
"1379","gap 321","0","100","100","100"
"1045","chrY_11854600","11854500"," 50","  7"," 3"
"1046","chrY_11854700","11854600"," 73"," 14"," 2"
"1380","gap 322","0","100","100","100"
"1048","chrY_11855000","11854900"," 42"," 17"," 4"
"1049","chrY_11855100","11855000"," 49"," 45"," 6"
"1382","gap 323","0","100","100","100"
"1051","chrY_14089300","14089200","  8","  0"," 0"
"1052","chrY_14089400","14089300"," 27","  3"," 0"
"1383","gap 324","0","100","100","100"
"1054","chrY_15349400","15349300"," 11","  0"," 0"
"1055","chrY_15349500","15349400"," 28","  8"," 0"
"1384","gap 325","0","100","100","100"
"1057","chrY_18460800","18460700","  7","  4"," 0"
"1058","chrY_18460900","18460800"," 36","  9"," 8"
"1385","gap 326","0","100","100","100"
"1060","chrY_20172700","20172600","  7"," 12"," 6"
"1061","chrY_20172800","20172700"," 22"," 11"," 8"
"1386","gap 327","0","100","100","100"
"1063","chrY_20228600","20228500"," 28","  0"," 0"
"1064","chrY_20228700","20228600"," 25","  0"," 0"
"1387","gap 328","0","100","100","100"
"1066","chrY_20274400","20274300"," 14","  3"," 0"
"1067","chrY_20274500","20274400"," 47"," 12"," 3"
"1068","chrY_20274600","20274500"," 25"," 10"," 0"
"1388","gap 329","0","100","100","100"
"1070","chrY_20310600","20310500"," 17","  6"," 3"
"1071","chrY_20310700","20310600"," 17"," 14"," 9"
"1389","gap 330","0","100","100","100"
"1073","chrY_20353600","20353500"," 20","  0"," 0"
"1074","chrY_20353700","20353600"," 12","  0"," 0"
"1390","gap 331","0","100","100","100"
"1076","chrY_20569300","20569200"," 38","  9"," 0"
"1077","chrY_20569400","20569300","  9","  0"," 0"
"1078","chrY_20569500","20569400"," 35","  4"," 3"
"1391","gap 332","0","100","100","100"
"1080","chrY_20603500","20603400"," 11","  0"," 0"
"1081","chrY_20603600","20603500","  9","  0"," 0"
"1392","gap 333","0","100","100","100"
"1083","chrY_20646800","20646700"," 13","  2"," 0"
"1084","chrY_20646900","20646800"," 13","  0"," 0"
"1393","gap 334","0","100","100","100"
"1086","chrY_20662200","20662100"," 27","  9"," 0"
"1087","chrY_20662300","20662200"," 22"," 11"," 0"
"1394","gap 335","0","100","100","100"
"1089","chrY_20666200","20666100"," 19","  0"," 0"
"1090","chrY_20666300","20666200"," 21","  5"," 0"
"1395","gap 336","0","100","100","100"
"1092","chrY_20670100","20670000"," 33","  8"," 0"
"1093","chrY_20670200","20670100"," 22","  9"," 0"
"1396","gap 337","0","100","100","100"
"1095","chrY_20670400","20670300"," 17","  0"," 0"
"1096","chrY_20670500","20670400"," 26","  0"," 0"
"1397","gap 338","0","100","100","100"
"1098","chrY_20670900","20670800"," 20","  0"," 0"
"1099","chrY_20671000","20670900"," 20","  0"," 0"
"1398","gap 339","0","100","100","100"
"11011","chrY_20678700","20678600"," 20","  0"," 3"
"11021","chrY_20678800","20678700"," 26","  4"," 1"
"1399","gap 340","0","100","100","100"
"11041","chrY_20831900","20831800","  9","  0"," 0"
"11051","chrY_20832000","20831900","  9","  0"," 0"
"1400","gap 341","0","100","100","100"
"11071","chrY_20865000","20864900","  8","  0"," 0"
"11081","chrY_20865100","20865000"," 15","  5"," 0"
"1402","gap 342","0","100","100","100"
"11101","chrY_20871400","20871300","  6","  3"," 0"
"11111","chrY_20871500","20871400"," 15","  6"," 0"
"1403","gap 343","0","100","100","100"
"11131","chrY_20884700","20884600"," 12","  5"," 0"
"11141","chrY_20884800","20884700"," 11","  6"," 0"
"1404","gap 344","0","100","100","100"
"11161","chrY_20887700","20887600"," 12","  2"," 0"
"11171","chrY_20887800","20887700","  7","  5"," 0"
"1405","gap 345","0","100","100","100"
"11191","chrY_20907700","20907600"," 18","  0"," 0"
"11201","chrY_20907800","20907700"," 19","  0"," 0"
"1406","gap 346","0","100","100","100"
"11221","chrY_21028000","21027900"," 11","  0"," 0"
"11231","chrY_21028100","21028000"," 12","  0"," 0"
"11241","chrY_21028200","21028100"," 16","  1"," 0"
"1407","gap 347","0","100","100","100"
"11261","chrY_21323300","21323200"," 24"," 10"," 5"
"11271","chrY_21323400","21323300"," 18","  9"," 6"
"1408","gap 348","0","100","100","100"
"11291","chrY_21379300","21379200"," 12","  3"," 0"
"11301","chrY_21379400","21379300"," 41","  6"," 5"
"1409","gap 349","0","100","100","100"
"11321","chrY_22086500","22086400"," 24","  5"," 0"
"11331","chrY_22086600","22086500"," 32","  5"," 0"
"1410","gap 350","0","100","100","100"
"11351","chrY_22131700","22131600"," 15","  3"," 0"
"11361","chrY_22131800","22131700"," 14","  3"," 0"
"1412","gap 351","0","100","100","100"
"11381","chrY_22678400","22678300"," 16","  3"," 0"
"11391","chrY_22678500","22678400"," 15","  7"," 0"
"1413","gap 352","0","100","100","100"
"11411","chrY_22913700","22913600","  9","  0"," 0"
"11421","chrY_22913800","22913700"," 22","  6"," 0"
"1414","gap 353","0","100","100","100"
"11441","chrY_23224700","23224600","  7","  1"," 0"
"11451","chrY_23224800","23224700"," 18"," 15"," 3"
"1415","gap 354","0","100","100","100"
"11471","chrY_23512200","23512100"," 33"," 13"," 3"
"11481","chrY_23512300","23512200"," 13","  1"," 0"
"1416","gap 355","0","100","100","100"
"11501","chrY_28612400","28612300"," 24","  0"," 0"
"11511","chrY_28612500","28612400"," 13","  0"," 0"
"1417","gap 356","0","100","100","100"
"11531","chrY_29195100","29195000"," 19","  4"," 0"
"11541","chrY_29195200","29195100"," 11","  0"," 0"
"1418","gap 357","0","100","100","100"
"11561","chrY_29230300","29230200"," 13"," 13","11"
"11571","chrY_29230400","29230300","  9","  7"," 4"
"1419","gap 358","0","100","100","100"
"11591","chrY_29324400","29324300","  9","  3"," 0"
"11601","chrY_29324500","29324400"," 10","  0"," 0"
"1420","gap 359","0","100","100","100"
"11621","chrY_29442800","29442700"," 17","  0"," 0"
"11631","chrY_29442900","29442800"," 15","  2"," 0"
"1421","gap 360","0","100","100","100"
"11651","chrY_31322200","31322100"," 17","  0"," 2"
"11661","chrY_31322300","31322200"," 17","  0"," 0"
"1422","gap 361","0","100","100","100"
"11681","chrY_32352500","32352400"," 15","  3"," 8"
"11691","chrY_32352600","32352500","  7","  0"," 0"
"1423","gap 362","0","100","100","100"
"11711","chrY_32498400","32498300"," 16","  0"," 0"
"11721","chrY_32498500","32498400"," 11","  0"," 0"
"1424","gap 363","0","100","100","100"
"11741","chrY_33346700","33346600"," 24","  5"," 0"
"11751","chrY_33346800","33346700","140"," 24"," 5"
"1425","gap 364","0","100","100","100"
"11771","chrY_34240900","34240800","  7","  3"," 0"
"11781","chrY_34241000","34240900"," 11"," 10"," 0"
"11791","chrY_34241100","34241000"," 16","  5"," 0"
"1426","gap 365","0","100","100","100"
"11811","chrY_34945800","34945700"," 11","  2"," 0"
"11821","chrY_34945900","34945800"," 21","  0"," 0"
"11831","chrY_34946000","34945900"," 43","  8"," 2"
"1427","gap 366","0","100","100","100"
"11851","chrY_34949400","34949300"," 20","  4"," 0"
"11861","chrY_34949500","34949400","  7","  6"," 0"
"1428","gap 367","0","100","100","100"
"11881","chrY_35592100","35592000","  6","  3"," 0"
"11891","chrY_35592200","35592100"," 17","  0"," 0"
"1429","gap 368","0","100","100","100"
"11911","chrY_35683800","35683700"," 24","  0"," 0"
"11921","chrY_35683900","35683800"," 15","  0"," 3"
"1430","gap 369","0","100","100","100"
"11941","chrY_35727400","35727300"," 19","  0"," 0"
"11951","chrY_35727500","35727400"," 10","  0"," 0"
"1432","gap 370","0","100","100","100"
"11971","chrY_35781700","35781600"," 75"," 13"," 0"
"11981","chrY_35781800","35781700"," 18","  0"," 0"
"1433","gap 371","0","100","100","100"
"12001","chrY_35790600","35790500"," 11","  0"," 0"
"12011","chrY_35790700","35790600"," 16","  0"," 8"
"1434","gap 372","0","100","100","100"
"12031","chrY_36112600","36112500"," 16","  2"," 4"
"12041","chrY_36112700","36112600","  9","  2"," 0"
"1435","gap 373","0","100","100","100"
"12061","chrY_36469100","36469000","  7","  6"," 0"
"12071","chrY_36469200","36469100"," 12","  8"," 0"
"1436","gap 374","0","100","100","100"
"12091","chrY_37535000","37534900"," 19","  0"," 0"
"12101","chrY_37535100","37535000"," 14","  3"," 0"
"1437","gap 375","0","100","100","100"
"12121","chrY_37740300","37740200","  7","  0"," 0"
"12131","chrY_37740400","37740300"," 20"," 11"," 0"
"1438","gap 376","0","100","100","100"
"12151","chrY_37742500","37742400"," 11","  4"," 0"
"12161","chrY_37742600","37742500"," 14"," 11"," 0"
"12171","chrY_37742700","37742600","  5","  0"," 0"
"1439","gap 377","0","100","100","100"
"12191","chrY_38195500","38195400"," 27","  0"," 0"
"12201","chrY_38195600","38195500"," 32","  2"," 0"
"1440","gap 378","0","100","100","100"
"12221","chrY_38371200","38371100"," 24"," 11","10"
"12231","chrY_38371300","38371200"," 37"," 10"," 4"
"1442","gap 379","0","100","100","100"
"12251","chrY_38841100","38841000"," 10","  6"," 0"
"12261","chrY_38841200","38841100"," 13","  4"," 0"
"1443","gap 380","0","100","100","100"
"12281","chrY_39024600","39024500"," 14","  0"," 0"
"12291","chrY_39024700","39024600"," 22","  0"," 0"
"12301","chrY_39024800","39024700"," 24","  0"," 0"
"1444","gap 381","0","100","100","100"
"12321","chrY_39257000","39256900"," 12","  4"," 0"
"12331","chrY_39257100","39257000"," 10","  3"," 0"
"1445","gap 382","0","100","100","100"
"12351","chrY_39296000","39295900"," 14","  7"," 0"
"12361","chrY_39296100","39296000"," 25","  6"," 0"
"1446","gap 383","0","100","100","100"
"12381","chrY_39376500","39376400"," 13","  6"," 0"
"12391","chrY_39376600","39376500"," 10","  0"," 0"
"1447","gap 384","0","100","100","100"
"12411","chrY_39673300","39673200","  9","  3"," 0"
"12421","chrY_39673400","39673300"," 12","  0"," 0"
"1448","gap 385","0","100","100","100"
"12441","chrY_39880500","39880400"," 14","  4"," 0"
"12451","chrY_39880600","39880500","  9","  7"," 0"
"1449","gap 386","0","100","100","100"
"12471","chrY_40031200","40031100"," 16","  0"," 0"
"12481","chrY_40031300","40031200"," 12","  0"," 0"
"1450","gap 387","0","100","100","100"
"12501","chrY_40204500","40204400"," 23","  2"," 0"
"12511","chrY_40204600","40204500"," 38"," 10"," 1"
"1451","gap 388","0","100","100","100"
"12531","chrY_40213900","40213800"," 37"," 12"," 5"
"12541","chrY_40214000","40213900"," 49"," 20"," 2"
"1452","gap 389","0","100","100","100"
"12561","chrY_40214600","40214500"," 27"," 18"," 6"
"12571","chrY_40214700","40214600"," 12","  3"," 0"
"1453","gap 390","0","100","100","100"
"12591","chrY_40586900","40586800"," 13","  6"," 0"
"12601","chrY_40587000","40586900"," 37"," 11"," 6"
"1454","gap 391","0","100","100","100"
"12621","chrY_40687300","40687200"," 10","  4"," 0"
"12631","chrY_40687400","40687300"," 46"," 17"," 0"
"1455","gap 392","0","100","100","100"
"12651","chrY_40871300","40871200"," 14","  3"," 0"
"12661","chrY_40871400","40871300"," 10","  7"," 0"
"1456","gap 393","0","100","100","100"
"12681","chrY_40919100","40919000"," 14","  3"," 1"
"12691","chrY_40919200","40919100","  7","  3"," 4"
"1457","gap 394","0","100","100","100"
"12711","chrY_40973800","40973700"," 10"," 11"," 3"
"12721","chrY_40973900","40973800"," 11","  4"," 0"
"1458","gap 395","0","100","100","100"
"12741","chrY_40991400","40991300"," 16","  1"," 4"
"12751","chrY_40991500","40991400"," 16","  4"," 2"
"1459","gap 396","0","100","100","100"
"12771","chrY_40992000","40991900"," 13","  9"," 0"
"12781","chrY_40992100","40992000"," 22","  8"," 4"
"1460","gap 397","0","100","100","100"
"12801","chrY_41015500","41015400"," 30","  9"," 7"
"12811","chrY_41015600","41015500"," 19","  4","12"
"1462","gap 398","0","100","100","100"
"12831","chrY_41017800","41017700"," 69"," 11"," 4"
"12841","chrY_41017900","41017800"," 40"," 11"," 0"
"12851","chrY_41018000","41017900"," 17","  5"," 0"
"1463","gap 399","0","100","100","100"
"12871","chrY_41019100","41019000"," 29","  0"," 0"
"12881","chrY_41019200","41019100"," 38","  0"," 2"
"1464","gap 400","0","100","100","100"
"12901","chrY_41091500","41091400"," 10","  7"," 0"
"12911","chrY_41091600","41091500","  8","  9"," 0"
"1465","gap 401","0","100","100","100"
"12931","chrY_41101700","41101600"," 14","  6"," 0"
"12941","chrY_41101800","41101700"," 14","  0"," 0"
"1466","gap 402","0","100","100","100"
"12961","chrY_41158400","41158300"," 27","  6","11"
"12971","chrY_41158500","41158400","  5","  3"," 4"
"1467","gap 403","0","100","100","100"
"12991","chrY_41158700","41158600"," 24"," 25","10"
"13001","chrY_41158800","41158700"," 13"," 16"," 0"
"1468","gap 404","0","100","100","100"
"13021","chrY_41159200","41159100"," 17","  9"," 4"
"13031","chrY_41159300","41159200"," 20","  7"," 2"
"1469","gap 405","0","100","100","100"
"13051","chrY_41206000","41205900","  5","  5"," 0"
"13061","chrY_41206100","41206000"," 36"," 18"," 2"
"1470","gap 406","0","100","100","100"
"13081","chrY_41207300","41207200"," 45","  6"," 0"
"13091","chrY_41207400","41207300"," 19","  0"," 0"
"1472","gap 407","0","100","100","100"
"13111","chrY_41209000","41208900"," 15","  2"," 0"
"13121","chrY_41209100","41209000","  8","  0"," 0"
"1473","gap 408","0","100","100","100"
"13141","chrY_41209600","41209500"," 22"," 13"," 7"
"13151","chrY_41209700","41209600"," 19","  9"," 0"
"1474","gap 409","0","100","100","100"
"13171","chrY_41212100","41212000"," 15","  0"," 0"
"13181","chrY_41212200","41212100"," 16","  2"," 3"
"1475","gap 410","0","100","100","100"
"13201","chrY_41213000","41212900"," 36","  4"," 0"
"13211","chrY_41213100","41213000"," 19","  0"," 0"
"1476","gap 411","0","100","100","100"
"13231","chrY_41287800","41287700"," 18","  8"," 0"
"13241","chrY_41287900","41287800"," 10","  3"," 0"
"1477","gap 412","0","100","100","100"
"13261","chrY_41293100","41293000","  8","  7"," 3"
"13271","chrY_41293200","41293100"," 14","  7"," 2"
"1478","gap 413","0","100","100","100"
"13291","chrY_41474500","41474400"," 14","  0"," 0"
"13301","chrY_41474600","41474500"," 14","  1"," 0"
"1479","gap 414","0","100","100","100"
"13321","chrY_41531800","41531700"," 12","  3"," 0"
"13331","chrY_41531900","41531800"," 21","  4"," 0"
"1480","gap 415","0","100","100","100"
"13351","chrY_41560100","41560000"," 16","  0"," 0"
"13361","chrY_41560200","41560100"," 11","  0"," 0"
"13371","chrY_41560300","41560200","  9","  0"," 0"
"1482","gap 416","0","100","100","100"
"13391","chrY_41696500","41696400","  9","  0"," 0"
"13401","chrY_41696600","41696500"," 20","  4"," 0"
"1483","gap 417","0","100","100","100"
"13421","chrY_41697300","41697200"," 33","  0"," 8"
"13431","chrY_41697400","41697300"," 25","  2"," 3"
"1484","gap 418","0","100","100","100"
"13451","chrY_41769100","41769000"," 15"," 13"," 3"
"13461","chrY_41769200","41769100","  7","  9"," 2"
"13471","chrY_41769300","41769200"," 23"," 14"," 0"
"1485","gap 419","0","100","100","100"
"13491","chrY_41926600","41926500"," 14","  7"," 0"
"13501","chrY_41926700","41926600"," 23"," 11"," 0"
"1486","gap 420","0","100","100","100"
"13521","chrY_42151600","42151500"," 29","  3"," 0"
"13531","chrY_42151700","42151600"," 13","  0"," 0"
"1487","gap 421","0","100","100","100"
"13551","chrY_42181000","42180900"," 34","  8"," 3"
"13561","chrY_42181100","42181000","  5","  0"," 0"
"1488","gap 422","0","100","100","100"
"13581","chrY_42264500","42264400","  8","  0"," 0"
"13591","chrY_42264600","42264500","  8","  3"," 0"
"1489","gap 423","0","100","100","100"
"13611","chrY_42366800","42366700"," 33","  7"," 0"
"13621","chrY_42366900","42366800","  5","  0"," 0"
"1490","gap 424","0","100","100","100"
"13641","chrY_42376300","42376200"," 29","  7"," 0"
"13651","chrY_42376400","42376300"," 10","  0"," 0"
"1491","gap 425","0","100","100","100"
"13671","chrY_42457000","42456900"," 11","  7"," 1"
"13681","chrY_42457100","42457000"," 19","  2"," 0"
"1492","gap 426","0","100","100","100"
"13701","chrY_42621000","42620900"," 28","  0"," 0"
"13711","chrY_42621100","42621000"," 45","  3"," 0"
"1493","gap 427","0","100","100","100"
"13731","chrY_43042900","43042800"," 23","  0"," 0"
"13741","chrY_43043000","43042900"," 26","  0"," 0"
"1494","gap 428","0","100","100","100"
"13761","chrY_43217200","43217100"," 24","  4"," 0"
"13771","chrY_43217300","43217200","  7","  4"," 0"
"1495","gap 429","0","100","100","100"
"13791","chrY_43221800","43221700","  6","  3"," 0"
"13801","chrY_43221900","43221800"," 11","  0"," 0"
"1496","gap 430","0","100","100","100"
"13821","chrY_43301400","43301300"," 13","  0"," 0"
"13831","chrY_43301500","43301400","  8","  0"," 0"
"13841","chrY_43301600","43301500","  6","  0"," 0"
"1497","gap 431","0","100","100","100"
"13861","chrY_43338600","43338500"," 14","  2"," 0"
"13871","chrY_43338700","43338600"," 19","  0"," 0"
"1498","gap 432","0","100","100","100"
"13891","chrY_43339100","43339000"," 14","  3"," 0"
"13901","chrY_43339200","43339100"," 25","  0"," 0"
"1499","gap 433","0","100","100","100"
"13921","chrY_43562600","43562500","  7","  4"," 0"
"13931","chrY_43562700","43562600"," 21","  6"," 0"
"1500","gap 434","0","100","100","100"
"13951","chrY_43634900","43634800"," 20","  3"," 0"
"13961","chrY_43635000","43634900"," 17","  0"," 0"
"1502","gap 435","0","100","100","100"
"13981","chrY_43656400","43656300"," 20","  3"," 0"
"13991","chrY_43656500","43656400","  9","  0"," 0"
"1503","gap 436","0","100","100","100"
"14011","chrY_43669900","43669800"," 15","  0"," 0"
"14021","chrY_43670000","43669900"," 16","  3"," 0"
"1504","gap 437","0","100","100","100"
"14041","chrY_43710600","43710500"," 10","  9"," 0"
"14051","chrY_43710700","43710600","  5"," 10"," 0"
"1505","gap 438","0","100","100","100"
"14071","chrY_43913300","43913200"," 36","  4"," 0"
"14081","chrY_43913400","43913300"," 12","  0"," 0"
"1506","gap 439","0","100","100","100"
"14101","chrY_43931300","43931200"," 23","  0"," 0"
"14111","chrY_43931400","43931300"," 13","  0"," 0"
"1507","gap 440","0","100","100","100"
"14131","chrY_43996100","43996000"," 12","  5"," 0"
"14141","chrY_43996200","43996100","  8","  1"," 3"
"1508","gap 441","0","100","100","100"
"14161","chrY_44037600","44037500"," 16","  0"," 0"
"14171","chrY_44037700","44037600","  8","  0"," 0"
"1509","gap 442","0","100","100","100"
"14191","chrY_44065200","44065100"," 46"," 13"," 0"
"14201","chrY_44065300","44065200"," 17","  0"," 0"
"1510","gap 443","0","100","100","100"
"14221","chrY_44473800","44473700","  9","  0"," 0"
"14231","chrY_44473900","44473800"," 16","  0"," 0"
"14241","chrY_44474000","44473900"," 16","  0"," 0"
"14251","chrY_44474100","44474000"," 80"," 16"," 4"
"1512","gap 444","0","100","100","100"
"14271","chrY_44548600","44548500"," 17","  5"," 3"
"14281","chrY_44548700","44548600"," 24","  5"," 0"
"1513","gap 445","0","100","100","100"
"14301","chrY_44568100","44568000"," 21"," 16"," 4"
"14311","chrY_44568200","44568100"," 18","  4"," 1"
"14321","chrY_44568300","44568200"," 20","  0"," 0"
"1514","gap 446","0","100","100","100"
"14341","chrY_44571400","44571300"," 19"," 22"," 0"
"14351","chrY_44571500","44571400","  9","  3"," 0"
"1515","gap 447","0","100","100","100"
"14371","chrY_44614500","44614400"," 35","  8","10"
"14381","chrY_44614600","44614500","  5","  3"," 0"
"1516","gap 448","0","100","100","100"
"14401","chrY_47402300","47402200"," 43"," 12","11"
"14411","chrY_47402400","47402300","  9","  2"," 4"
"1517","gap 449","0","100","100","100"
"14431","chrY_47488900","47488800"," 13","  0"," 0"
"14441","chrY_47489000","47488900"," 38","  3"," 0"
"1518","gap 450","0","100","100","100"
"14461","chrY_50976600","50976500"," 31","  3"," 0"
"14471","chrY_50976700","50976600"," 34","  7"," 0"
"1519","gap 451","0","100","100","100"
"14491","chrY_55699500","55699400"," 11","  0"," 0"
"14501","chrY_55699600","55699500"," 21","  5"," 5"
"1520","gap 452","0","100","100","100"
"14521","chrY_58849800","58849700"," 23","  9"," 0"
"14531","chrY_58849900","58849800"," 10","  7"," 0"
"1521","gap 453","0","100","100","100"
"14551","chrY_59357700","59357600","  6","  4"," 0"
"14561","chrY_59357800","59357700"," 26","  6","12"
"1522","gap 454","0","100","100","100"
"14581","chrY_60195400","60195300"," 15","  4"," 0"
"14591","chrY_60195500","60195400"," 19","  8"," 0"
"14601","chrY_60195600","60195500","  7","  0"," 0"
"1523","gap 455","0","100","100","100"
"14621","chrY_68057400","68057300"," 29"," 13"," 0"
"14631","chrY_68057500","68057400"," 11","  0"," 0"
"1524","gap 456","0","100","100","100"
"14651","chrY_69232500","69232400"," 13","  0"," 0"
"14661","chrY_69232600","69232500"," 12","  6"," 0"
"1525","gap 457","0","100","100","100"
"14681","chrY_71144700","71144600"," 13","  0"," 0"
"14691","chrY_71144800","71144700"," 12","  0"," 0"
"1526","gap 458","0","100","100","100"
"14711","chrY_71871600","71871500"," 23","  4"," 0"
"14721","chrY_71871700","71871600"," 47","  6"," 0"
"1527","gap 459","0","100","100","100"
"14741","chrY_72692600","72692500","  9","  0"," 0"
"14751","chrY_72692700","72692600"," 28","  5"," 1"
"1528","gap 460","0","100","100","100"
"14771","chrY_72737000","72736900"," 10","  0"," 0"
"14781","chrY_72737100","72737000"," 17","  6"," 0"
"1529","gap 461","0","100","100","100"
"14801","chrY_73093000","73092900"," 11"," 10"," 0"
"14811","chrY_73093100","73093000","  3","  0"," 0"
"1530","gap 462","0","100","100","100"
"14831","chrY_73630700","73630600"," 15","  0"," 0"
"14841","chrY_73630800","73630700"," 10","  0"," 0"
"1531","gap 463","0","100","100","100"
"14861","chrY_74649700","74649600"," 34","  2"," 0"
"14871","chrY_74649800","74649700"," 21","  0"," 0"
"1532","gap 464","0","100","100","100"
"14891","chrY_74730400","74730300"," 11","  1"," 2"
"14901","chrY_74730500","74730400"," 11","  0"," 0"
"1533","gap 465","0","100","100","100"
"14921","chrY_75101400","75101300"," 17","  0"," 0"
"14931","chrY_75101500","75101400"," 26","  5"," 0"
"1534","gap 466","0","100","100","100"
"14951","chrY_75378800","75378700"," 21","  3"," 0"
"14961","chrY_75378900","75378800","  9","  0"," 0"
"1535","gap 467","0","100","100","100"
"14981","chrY_75517800","75517700"," 59","  4"," 0"
"14991","chrY_75517900","75517800"," 18","  5"," 0"
"1536","gap 468","0","100","100","100"
"15011","chrY_75908400","75908300"," 25","  0"," 0"
"15021","chrY_75908500","75908400"," 23","  0"," 0"
"1537","gap 469","0","100","100","100"
"15041","chrY_76858800","76858700"," 11","  1"," 0"
"15051","chrY_76858900","76858800"," 17","  0"," 3"
"1538","gap 470","0","100","100","100"
"15071","chrY_79004000","79003900"," 10","  0"," 0"
"15081","chrY_79004100","79004000"," 24","  2"," 0"
"1539","gap 471","0","100","100","100"
"15101","chrY_79273300","79273200","  9","  0"," 0"
"15111","chrY_79273400","79273300"," 18"," 11"," 0"
"1540","gap 472","0","100","100","100"
"15131","chrY_80119400","80119300"," 13"," 19"," 4"
"15141","chrY_80119500","80119400","  0"," 10"," 2"
"1541","gap 473","0","100","100","100"
"15161","chrY_80542800","80542700"," 32","  6"," 0"
"15171","chrY_80542900","80542800","  9","  0"," 0"
"1542","gap 474","0","100","100","100"
"15191","chrY_81054500","81054400"," 14","  8"," 0"
"15201","chrY_81054600","81054500","  7","  0"," 0"
"1543","gap 475","0","100","100","100"
"15221","chrY_81103800","81103700"," 11","  0"," 0"
"15231","chrY_81103900","81103800"," 13","  0"," 0"
"1544","gap 476","0","100","100","100"
"15251","chrY_81104200","81104100"," 13","  0"," 0"
"15261","chrY_81104300","81104200"," 21","  0"," 0"
"1545","gap 477","0","100","100","100"
"15281","chrY_81274400","81274300","  5","  0"," 0"
"15291","chrY_81274500","81274400","  7","  2"," 0"
"1546","gap 478","0","100","100","100"
"15311","chrY_81376200","81376100"," 12","  1"," 0"
"15321","chrY_81376300","81376200"," 10","  0"," 0"
"1547","gap 479","0","100","100","100"
"15341","chrY_81421200","81421100"," 20"," 13"," 0"
"15351","chrY_81421300","81421200"," 14"," 14"," 0"
"1548","gap 480","0","100","100","100"
"15371","chrY_81636700","81636600"," 10","  2"," 0"
"15381","chrY_81636800","81636700"," 32"," 12"," 7"
"1549","gap 481","0","100","100","100"
"15401","chrY_81882000","81881900","  6","  3"," 0"
"15411","chrY_81882100","81882000"," 21","  6"," 0"
"1550","gap 482","0","100","100","100"
"15431","chrY_81926900","81926800"," 10","  0"," 0"
"15441","chrY_81927000","81926900","  6","  4"," 0"
"1551","gap 483","0","100","100","100"
"15461","chrY_81928700","81928600"," 10","  0"," 0"
"15471","chrY_81928800","81928700","  8","  0"," 0"
"1552","gap 484","0","100","100","100"
"15491","chrY_81936100","81936000"," 15","  2"," 0"
"15501","chrY_81936200","81936100"," 45"," 29"," 0"
"1553","gap 485","0","100","100","100"
"15521","chrY_81940200","81940100"," 22","  7"," 0"
"15531","chrY_81940300","81940200","  8","  0"," 0"
"1554","gap 486","0","100","100","100"
"1555","chrY_81942900","81942800"," 11","  0"," 0"
"1556","chrY_81943000","81942900"," 10","  3"," 0"
"1557","gap 487","0","100","100","100"
"1558","chrY_82048200","82048100"," 47","  0"," 3"
"1559","chrY_82048300","82048200"," 13","  0"," 0"
"1560","gap 488","0","100","100","100"
"1561","chrY_83173200","83173100"," 27","  2"," 0"
"1562","chrY_83173300","83173200"," 32","  2"," 0"
"1563","gap 489","0","100","100","100"
"1564","chrY_83174800","83174700"," 21","  0"," 0"
"1565","chrY_83174900","83174800","  8","  2"," 0"
"1566","gap 490","0","100","100","100"
"1567","chrY_83243700","83243600"," 25","  0"," 0"
"1568","chrY_83243800","83243700"," 40","  0"," 0"
"1569","gap 491","0","100","100","100"
"1570","chrY_83383000","83382900"," 19","  5"," 0"
"1571","chrY_83383100","83383000"," 20","  4"," 0"
"1572","gap 492","0","100","100","100"
"1573","chrY_83444700","83444600"," 14","  0"," 0"
"1574","chrY_83444800","83444700"," 40","  6"," 4"
"1575","chrY_83444900","83444800"," 37","  2"," 0"
"1576","chrY_83445000","83444900"," 11","  2"," 0"
"1577","gap 493","0","100","100","100"
"1578","chrY_84229100","84229000"," 18","  0"," 0"
"1579","chrY_84229200","84229100"," 17","  1"," 0"
"1580","gap 494","0","100","100","100"
"1581","chrY_84273200","84273100"," 26","  0"," 0"
"1582","chrY_84273300","84273200"," 22","  0"," 0"
"1583","gap 495","0","100","100","100"
"1584","chrY_84418400","84418300"," 24","  0"," 0"
"1585","chrY_84418500","84418400"," 19","  0"," 0"
"1586","gap 496","0","100","100","100"
"1587","chrY_84661400","84661300"," 15","  0"," 0"
"1588","chrY_84661500","84661400"," 17","  0"," 0"
"1589","chrY_84661600","84661500"," 11","  0"," 0"
"1590","gap 497","0","100","100","100"
"1591","chrY_84662100","84662000"," 42","  0"," 0"
"1592","chrY_84662200","84662100"," 12","  1"," 0"
"1593","gap 498","0","100","100","100"
"1594","chrY_84882000","84881900"," 10","  6"," 0"
"1595","chrY_84882100","84882000","  4","  4"," 2"
"1596","gap 499","0","100","100","100"
"1597","chrY_84934300","84934200"," 50","  9"," 0"
"1598","chrY_84934400","84934300"," 20","  0"," 0"
"1599","gap 500","0","100","100","100"
"1600","chrY_85095600","85095500","  8","  0"," 0"
"1601","chrY_85095700","85095600"," 12","  0"," 0"
"1602","gap 501","0","100","100","100"
"1603","chrY_85635800","85635700"," 28"," 33","27"
"1604","chrY_85635900","85635800"," 50"," 74","36"
"1605","gap 502","0","100","100","100"
"1606","chrY_86015400","86015300"," 21","  5"," 0"
"1607","chrY_86015500","86015400"," 29","  9"," 0"
"1608","gap 503","0","100","100","100"
"1609","chrY_86234900","86234800","  7","  0"," 0"
"1610","chrY_86235000","86234900"," 11","  0"," 0"
"1611","chrY_86235100","86235000"," 10","  5"," 0"
"1612","gap 504","0","100","100","100"
"1613","chrY_86250700","86250600","  9","  2"," 0"
"1614","chrY_86250800","86250700"," 19","  0"," 0"
"1615","gap 505","0","100","100","100"
"1616","chrY_86520700","86520600"," 25","  4"," 0"
"1617","chrY_86520800","86520700"," 40","  3"," 0"
"1618","gap 506","0","100","100","100"
"1619","chrY_86522300","86522200"," 30","  0"," 0"
"1620","chrY_86522400","86522300"," 19","  4"," 0"
"1621","gap 507","0","100","100","100"
"1622","chrY_86563900","86563800"," 26","  0"," 0"
"1623","chrY_86564000","86563900"," 16","  0"," 0"
"1624","gap 508","0","100","100","100"
"1625","chrY_86565600","86565500"," 23","  9"," 0"
"1626","chrY_86565700","86565600","  3","  6"," 0"
"1627","gap 509","0","100","100","100"
"1628","chrY_86567100","86567000"," 31"," 14"," 5"
"1629","chrY_86567200","86567100"," 13","  6"," 0"
"1630","gap 510","0","100","100","100"
"1631","chrY_86570100","86570000"," 14","  3"," 0"
"1632","chrY_86570200","86570100"," 18","  0"," 0"
"1633","gap 511","0","100","100","100"
"1634","chrY_86749100","86749000"," 12","  2"," 0"
"1635","chrY_86749200","86749100"," 12","  1"," 0"
"1636","chrY_86749300","86749200"," 12","  0"," 0"
"1637","gap 512","0","100","100","100"
"1638","chrY_86783000","86782900"," 33"," 15"," 1"
"1639","chrY_86783100","86783000"," 22","  3"," 0"
"1640","gap 513","0","100","100","100"
"1641","chrY_87078400","87078300"," 25","  7"," 0"
"1642","chrY_87078500","87078400"," 31","  9"," 0"
"1643","chrY_87078600","87078500"," 17","  0"," 0"
"1644","gap 514","0","100","100","100"
"1645","chrY_87258700","87258600"," 13","  0"," 0"
"1646","chrY_87258800","87258700"," 13","  0"," 0"
"1647","gap 515","0","100","100","100"
"1648","chrY_87516400","87516300"," 36","  6"," 5"
"1649","chrY_87516500","87516400"," 21"," 12"," 5"
"1650","gap 516","0","100","100","100"
"1651","chrY_87594400","87594300"," 21"," 15"," 6"
"1652","chrY_87594500","87594400","  6","  5"," 0"
"1653","gap 517","0","100","100","100"
"1654","chrY_87715800","87715700","  6","  0"," 0"
"1655","chrY_87715900","87715800","  8","  0"," 0"
"1656","gap 518","0","100","100","100"
"1657","chrY_87739600","87739500","  4","  9"," 0"
"1658","chrY_87739700","87739600"," 15"," 17"," 0"
"1659","chrY_87739800","87739700"," 12","  6"," 0"
"1660","chrY_87739900","87739800"," 16","  5"," 0"
"1661","chrY_87740000","87739900"," 36"," 13"," 1"
"1662","gap 519","0","100","100","100"
"1663","chrY_87791900","87791800","  4","  4"," 0"
"1664","chrY_87792000","87791900"," 12","  3"," 4"
"1665","gap 520","0","100","100","100"
"1666","chrY_88015300","88015200"," 42","  0"," 0"
"1667","chrY_88015400","88015300"," 47","  0"," 0"
"1668","gap 521","0","100","100","100"
"1669","chrY_88185500","88185400","  5","  4"," 0"
"1670","chrY_88185600","88185500","  8","  0"," 0"
"1671","chrY_88185700","88185600"," 36"," 14","15"
"1672","gap 522","0","100","100","100"
"1673","chrY_88273800","88273700"," 22","  9"," 4"
"1674","chrY_88273900","88273800"," 11","  4"," 0"
"1675","gap 523","0","100","100","100"
"1676","chrY_88276100","88276000"," 28","  0"," 0"
"1677","chrY_88276200","88276100"," 23","  2"," 2"
"1678","gap 524","0","100","100","100"
"1679","chrY_88317600","88317500"," 19","  5"," 0"
"1680","chrY_88317700","88317600"," 23","  0"," 0"
"1681","gap 525","0","100","100","100"
"1682","chrY_88325700","88325600","  5","  5"," 0"
"1683","chrY_88325800","88325700","  9","  0"," 0"
"1684","gap 526","0","100","100","100"
"1685","chrY_88367700","88367600","  7","  1"," 0"
"1686","chrY_88367800","88367700"," 17","  4"," 0"
"1687","gap 527","0","100","100","100"
"1688","chrY_88765000","88764900"," 17","  2"," 4"
"1689","chrY_88765100","88765000"," 14","  3"," 0"
"1690","gap 528","0","100","100","100"
"1691","chrY_88852600","88852500"," 11","  0"," 0"
"1692","chrY_88852700","88852600"," 20","  6"," 4"
"1693","gap 529","0","100","100","100"
"1694","chrY_89240000","89239900"," 23","  4"," 0"
"1695","chrY_89240100","89240000"," 19","  0"," 0"
"1696","gap 530","0","100","100","100"
"1697","chrY_89512200","89512100"," 16","  0"," 0"
"1698","chrY_89512300","89512200","  9","  0"," 0"
"1699","gap 531","0","100","100","100"
"1700","chrY_89900900","89900800"," 45","  5"," 2"
"1701","chrY_89901000","89900900"," 33","  3"," 4"
"1702","gap 532","0","100","100","100"
"1703","chrY_89932600","89932500"," 12"," 13"," 0"
"1704","chrY_89932700","89932600"," 11","  7"," 0"
"1705","gap 533","0","100","100","100"
"1706","chrY_89932900","89932800"," 31","  0"," 0"
"1707","chrY_89933000","89932900"," 18","  0"," 0"
"1708","gap 534","0","100","100","100"
"1709","chrY_89999900","89999800"," 28"," 10"," 1"
"1710","chrY_90000000","89999900","  7","  5"," 0"
"1711","chrY_90000100","90000000"," 18","  7"," 3"
"1712","chrY_90000200","90000100","  6","  4"," 0"
"1713","gap 535","0","100","100","100"
"1714","chrY_90099000","90098900"," 22","  0"," 0"
"1715","chrY_90099100","90099000"," 21","  0"," 0"
"1716","gap 536","0","100","100","100"
"1717","chrY_90174000","90173900"," 10","  4"," 0"
"1718","chrY_90174100","90174000"," 12","  7"," 0"
"1719","gap 537","0","100","100","100"
"1720","chrY_90271800","90271700"," 13","  0"," 0"
"1721","chrY_90271900","90271800"," 11","  0"," 0"
"1722","chrY_90272000","90271900"," 10","  0"," 0"
"1723","gap 538","0","100","100","100"
"1724","chrY_90662800","90662700"," 14","  2"," 0"
"1725","chrY_90662900","90662800","  8","  0"," 0"
"1726","gap 539","0","100","100","100"
"1727","chrY_90702900","90702800"," 29","  6"," 4"
"1728","chrY_90703000","90702900"," 39"," 11"," 4"
"1729","gap 540","0","100","100","100"
"1730","chrY_90707600","90707500","  7","  4"," 0"
"1731","chrY_90707700","90707600","  7","  4"," 0"
"1732","gap 541","0","100","100","100"
"1733","chrY_90712700","90712600"," 16","  3"," 0"
"1734","chrY_90712800","90712700"," 37","  3"," 0"
"1735","gap 542","0","100","100","100"
"1736","chrY_90721300","90721200"," 34","  9"," 3"
"1737","chrY_90721400","90721300"," 39","  7"," 0"
"1738","gap 543","0","100","100","100"
"1739","chrY_90725900","90725800"," 31","  9"," 0"
"1740","chrY_90726000","90725900"," 10","  0"," 0"
"1741","gap 544","0","100","100","100"
"1742","chrY_90726300","90726200"," 51"," 37","38"
"1743","chrY_90726400","90726300"," 11"," 17"," 7"
"1744","gap 545","0","100","100","100"
"1745","chrY_90747100","90747000"," 97"," 31","15"
"1746","chrY_90747200","90747100"," 37","  7"," 9"
"1747","gap 546","0","100","100","100"
"1748","chrY_90760500","90760400"," 60","  0"," 0"
"1749","chrY_90760600","90760500"," 80","  4"," 0"
"1750","gap 547","0","100","100","100"
"1751","chrY_90786700","90786600","155"," 24"," 0"
"1752","chrY_90786800","90786700","479"," 55"," 1"
"1753","chrY_90786900","90786800","222"," 52"," 2"
"1754","chrY_90787000","90786900"," 23","  4"," 0"
"1755","gap 548","0","100","100","100"
"1756","chrY_90788200","90788100"," 73","  2"," 0"
"1757","chrY_90788300","90788200"," 11","  0"," 0"
"1758","gap 549","0","100","100","100"
"1759","chrY_90788700","90788600"," 30","  0"," 0"
"1760","chrY_90788800","90788700","426"," 34","15"
"1761","gap 550","0","100","100","100"
"1762","chrY_90825600","90825500"," 15","  0"," 0"
"1763","chrY_90825700","90825600"," 50","  9"," 0"
"1764","gap 551","0","100","100","100"
"1765","chrY_90828600","90828500"," 20","  0"," 0"
"1766","chrY_90828700","90828600"," 15","  0"," 0"
"1767","gap 552","0","100","100","100"
"1768","chrY_90829800","90829700","572","102"," 9"
"1769","chrY_90829900","90829800","115"," 22"," 0"
